Rk,Player,Nation,Pos,Squad,Age,Born,MP,Starts,Min,90s,Gls,Ast,G+A,G-PK,PK,PKatt,CrdY,CrdR,-9999
1,Brenden Aaronson,us USA,MFFW,Leeds United,22-200,2000,33,28,2307,25.6,1,3,4,1,0,0,2,0,5bc43860
2,Che Adams,sct SCO,FW,Southampton,26-301,1996,28,23,1992,22.1,5,3,8,5,0,0,1,0,f2bf1b0f
3,Tyler Adams,us USA,MF,Leeds United,24-085,1999,24,24,2156,24.0,0,0,0,0,0,0,6,1,2b09d998
4,Tosin Adarabioyo,eng ENG,DF,Fulham,25-228,1997,22,20,1815,20.2,1,0,1,1,0,0,3,0,c81d773d
5,Nayef Aguerd,ma MAR,DF,West Ham,27-041,1996,16,15,1415,15.7,2,0,2,2,0,0,4,0,288e1e13
6,Naouirou Ahamada,fr FRA,MFFW,Crystal Palace,21-042,2002,7,0,93,1.0,0,0,0,0,0,0,1,0,a6c58494
7,Rayan Aït Nouri,dz ALG,DF,Wolves,21-338,2001,20,9,1031,11.5,1,0,1,1,0,0,4,0,9b398aea
8,Kristoffer Ajer,no NOR,DF,Brentford,25-023,1998,9,9,763,8.5,0,0,0,0,0,0,0,0,a8c0acb7
9,Manuel Akanji,ch SUI,DF,Manchester City,27-295,1995,27,22,2141,23.8,0,1,1,0,0,0,2,0,89ac64a6
10,Nathan Aké,nl NED,DF,Manchester City,28-081,1995,25,21,1811,20.1,1,0,1,1,0,0,2,0,eaeca114
11,Marc Albrighton,eng ENG,FWMF,Leicester City,33-173,1989,6,1,237,2.6,1,0,1,1,0,0,0,0,b827d5b3
12,Thiago Alcántara,es ESP,MF,Liverpool,32-029,1991,18,14,1254,13.9,0,0,0,0,0,0,2,0,77e84962
13,Carlos Alcaraz,ar ARG,MFFW,Southampton,20-161,2002,15,10,797,8.9,4,1,5,4,0,0,2,0,4abac767
14,Trent Alexander-Arnold,eng ENG,DF,Liverpool,24-215,1998,34,31,2653,29.5,1,8,9,1,0,0,4,0,cd1acf9d
15,Alisson,br BRA,GK,Liverpool,30-220,1992,35,35,3150,35.0,0,1,1,0,0,0,1,0,7a2e46a8
16,Dele Alli,eng ENG,MF,Everton,27-029,1996,2,0,40,0.4,0,0,0,0,0,0,0,0,cea4ee8f
17,Miguel Almirón,py PAR,FW,Newcastle Utd,29-089,1994,30,25,2153,23.9,11,1,12,11,0,0,2,0,862a1c15
18,Julián Álvarez,ar ARG,FWMF,Manchester City,23-099,2000,27,10,1161,12.9,8,0,8,7,1,1,0,0,15ab5a2b
19,Daniel Amartey,gh GHA,DF,Leicester City,28-140,1994,20,18,1610,17.9,0,0,0,0,0,0,1,0,1a4ef233
20,Joachim Andersen,dk DEN,DF,Crystal Palace,26-344,1996,29,29,2512,27.9,1,0,1,1,0,0,8,0,e34fc66d
21,Elliot Anderson,sct SCO,MFFW,Newcastle Utd,20-185,2002,18,1,224,2.5,0,0,0,0,0,0,0,0,de31038e
22,Jaidon Anthony,eng ENG,MFFW,Bournemouth,23-160,1999,27,10,1141,12.7,3,1,4,3,0,0,2,0,e4238fb1
23,Michail Antonio,jm JAM,FW,West Ham,33-043,1990,32,20,1768,19.6,5,3,8,5,0,0,2,0,ac05f970
24,Antony,br BRA,FW,Manchester Utd,23-075,2000,22,20,1599,17.8,4,1,5,4,0,0,5,0,99127249
25,Cameron Archer,eng ENG,FWMF,Aston Villa,21-293,2001,6,0,49,0.5,0,0,0,0,0,0,0,0,05e8ca6d
26,Alphonse Areola,fr FRA,GK,West Ham,30-072,1993,5,2,309,3.4,0,0,0,0,0,0,0,0,2f965a72
27,Joe Aribo,ng NGA,MFFW,Southampton,26-293,1996,20,12,1155,12.8,2,0,2,2,0,0,2,0,328f7d51
28,Adam Armstrong,eng ENG,FWMF,Southampton,26-089,1997,28,14,1298,14.4,1,1,2,1,0,0,2,0,68c720b5
29,Stuart Armstrong,sct SCO,MFFW,Southampton,31-041,1992,29,13,1289,14.3,2,1,3,2,0,0,6,0,97333cf5
30,Kepa Arrizabalaga,es ESP,GK,Chelsea,28-219,1994,26,26,2295,25.5,0,0,0,0,0,0,1,0,28d596a0
31,Pierre-Emerick Aubameyang,ga GAB,FW,Chelsea,33-326,1989,15,5,554,6.2,1,0,1,1,0,0,1,0,d5dd5f1f
32,Ludwig Augustinsson,se SWE,DF,Aston Villa,29-019,1994,3,1,77,0.9,0,0,0,0,0,0,1,0,9fec8860
33,Serge Aurier,ci CIV,DF,Nott'ham Forest,30-137,1992,21,19,1673,18.6,1,0,1,1,0,0,2,0,5c2b4f07
34,Taiwo Awoniyi,ng NGA,FW,Nott'ham Forest,25-271,1997,24,14,1158,12.9,6,1,7,6,0,0,1,0,e5478b87
35,Yasin Ayari,se SWE,MF,Brighton,19-216,2003,2,0,22,0.2,0,0,0,0,0,0,0,0,f173303a
36,André Ayew,gh GHA,FWMF,Nott'ham Forest,33-144,1989,12,1,314,3.5,0,0,0,0,0,1,1,0,5dbefa9d
37,Jordan Ayew,gh GHA,FWMF,Crystal Palace,31-241,1991,35,28,2444,27.2,4,2,6,4,0,0,5,0,da052c14
38,Luke Ayling,eng ENG,DF,Leeds United,31-258,1991,26,19,1784,19.8,1,1,2,1,0,0,3,0,420d7c7d
39,César Azpilicueta,es ESP,DF,Chelsea,33-255,1989,22,13,1257,14.0,0,0,0,0,0,0,3,0,53cad200
40,Benoît Badiashile,fr FRA,DF,Chelsea,22-045,2001,10,9,815,9.1,1,0,1,1,0,0,2,0,06df8256
41,Leon Bailey,jm JAM,FWMF,Aston Villa,25-274,1997,30,23,1780,19.8,4,3,7,4,0,0,4,0,3a233281
42,Stefan Bajcetic,es ESP,MF,Liverpool,18-200,2004,11,6,526,5.8,1,0,1,1,0,0,2,0,32e8417f
43,Patrick Bamford,eng ENG,FW,Leeds United,29-247,1993,26,16,1393,15.5,4,2,6,4,0,1,2,0,93feac6e
44,Shandon Baptiste,gd GRN,MF,Brentford,25-032,1998,20,4,575,6.4,0,1,1,0,0,0,3,1,2886c9b5
45,Harvey Barnes,eng ENG,FWMF,Leicester City,25-152,1997,31,30,2533,28.1,12,1,13,12,0,0,3,0,3ea50f67
46,Gavin Bazunu,ie IRL,GK,Southampton,21-079,2002,32,32,2880,32.0,0,0,0,0,0,0,0,0,c91441dc
47,Mads Bech Sørensen,dk DEN,DFMF,Brentford,24-123,1999,4,0,21,0.2,0,0,0,0,0,0,0,0,30db8574
48,Jan Bednarek,pl POL,DF,Southampton,27-028,1996,17,17,1402,15.6,0,0,0,0,0,0,4,0,4115ce4e
49,Jan Bednarek,pl POL,DF,Aston Villa,27-028,1996,3,1,100,1.1,0,0,0,0,0,0,0,0,4115ce4e
50,Donny van de Beek,nl NED,MF,Manchester Utd,26-022,1997,7,2,167,1.9,0,0,0,0,0,0,0,0,50dc94ce
51,Asmir Begović,ba BIH,GK,Everton,35-324,1987,1,1,90,1.0,0,0,0,0,0,0,0,0,7b4de647
52,Armel Bella Kotchap,de GER,DF,Southampton,21-150,2001,24,24,1879,20.9,0,2,2,0,0,0,4,0,a39d11bc
53,Saïd Benrahma,dz ALG,FWMF,West Ham,27-273,1995,33,21,1976,22.0,6,3,9,2,4,4,0,0,5a04fd92
54,Rodrigo Bentancur,uy URU,MF,Tottenham,25-319,1997,18,17,1500,16.7,5,2,7,5,0,0,8,0,3b8674e6
55,Victor Bernth Kristiansen,dk DEN,DF,Leicester City,20-145,2002,12,11,892,9.9,0,1,1,0,0,0,2,0,505486d6
56,Owen Bevan,wls WAL,DF,Bournemouth,19-196,2003,1,0,9,0.1,0,0,0,0,0,0,0,0,87966294
57,Giulian Biancone,fr FRA,DF,Nott'ham Forest,23-040,2000,2,0,17,0.2,0,0,0,0,0,0,0,0,de40e38c
58,Philip Billing,dk DEN,MFFW,Bournemouth,26-333,1996,34,32,2615,29.1,7,1,8,7,0,0,5,0,d328a254
59,Yves Bissouma,ml MLI,MF,Tottenham,26-253,1996,20,8,814,9.0,0,0,0,0,0,0,5,0,6c203af0
60,Willy Boly,ci CIV,DF,Nott'ham Forest,32-096,1991,9,8,602,6.7,0,1,1,0,0,0,2,0,a4ac4b8f
61,Sven Botman,nl NED,DF,Newcastle Utd,23-118,2000,32,31,2767,30.7,0,0,0,0,0,0,2,0,ccce7025
62,Jarrod Bowen,eng ENG,FWMF,West Ham,26-141,1996,35,35,3113,34.6,5,4,9,4,1,2,2,0,79c84d1c
63,James Bree,eng ENG,DF,Southampton,25-211,1997,3,2,201,2.2,0,0,0,0,0,0,0,0,c07b7c5c
64,Armando Broja,al ALB,FW,Chelsea,21-242,2001,12,2,294,3.3,1,0,1,1,0,0,0,0,97220da2
65,David Brooks,wls WAL,FWDF,Bournemouth,25-306,1997,3,0,32,0.4,0,0,0,0,0,0,0,0,dc4cae05
66,Lewis Brunt,eng ENG,DF,Leicester City,22-185,2000,1,0,23,0.3,0,0,0,0,0,0,0,0,a2081c6b
67,Bryan,es ESP,MFFW,Tottenham,22-088,2001,4,2,148,1.6,0,1,1,0,0,0,1,0,7b5ab7f2
68,Emi Buendía,ar ARG,MFFW,Aston Villa,26-136,1996,35,26,2297,25.5,5,2,7,5,0,0,0,0,66b76d44
69,Hugo Bueno,es ESP,DF,Wolves,20-234,2002,19,15,1236,13.7,0,1,1,0,0,0,1,0,bfc3b3a0
70,Facundo Buonanotte,ar ARG,FWMF,Brighton,18-138,2004,8,3,287,3.2,1,1,2,1,0,0,0,0,468a7a91
71,Dan Burn,eng ENG,DF,Newcastle Utd,31-001,1992,34,32,2825,31.4,0,0,0,0,0,0,5,0,b2d31e83
72,Cafú,pt POR,MF,Nott'ham Forest,30-073,1993,1,0,7,0.1,0,0,0,0,0,0,0,0,85322440
73,Moisés Caicedo,ec ECU,MF,Brighton,21-189,2001,32,30,2734,30.4,1,1,2,1,0,0,9,0,16264a81
74,Tom Cairney,sct SCO,MF,Fulham,32-110,1991,30,3,762,8.5,2,0,2,2,0,0,2,0,a8748947
75,Duje Ćaleta-Car,hr CRO,DF,Southampton,26-235,1996,13,9,946,10.5,1,0,1,1,0,0,2,0,94f8d10c
76,Dominic Calvert-Lewin,eng ENG,FW,Everton,26-055,1997,15,13,1076,12.0,2,1,3,1,1,1,3,0,59e6e5bf
77,Chem Campbell,wls WAL,FWMF,Wolves,20-131,2002,5,0,74,0.8,0,0,0,0,0,0,0,0,6f711f67
78,João Cancelo,pt POR,DF,Manchester City,28-348,1994,17,16,1274,14.2,2,1,3,2,0,0,3,1,bd6351cd
79,Thomas Cannon,ie IRL,FW,Everton,20-133,2002,2,0,25,0.3,0,0,0,0,0,0,0,0,4506aec5
80,Sergi Canós,es ESP,FWDF,Brentford,26-097,1997,5,0,77,0.9,0,0,0,0,0,0,0,0,1137759d
81,Diego Carlos,br BRA,DF,Aston Villa,30-056,1993,3,2,205,2.3,0,0,0,0,0,0,0,0,b4a014b1
82,Fabio Carvalho,pt POR,MFFW,Liverpool,20-253,2002,12,4,340,3.8,2,0,2,2,0,0,0,0,966e28d0
83,Casemiro,br BRA,MF,Manchester Utd,31-076,1992,24,20,1788,19.9,2,3,5,2,0,0,6,2,4d224fe8
84,Matty Cash,pl POL,DF,Aston Villa,25-276,1997,23,18,1639,18.2,0,1,1,0,0,0,3,0,2389cdc2
85,Timothy Castagne,be BEL,DF,Leicester City,27-156,1995,34,33,2985,33.2,2,3,5,2,0,0,3,0,197640fd
86,Jonny Castro,es ESP,DF,Wolves,29-068,1994,18,14,1261,14.0,1,0,1,1,0,0,3,1,e28868f3
87,Julio César Enciso,py PAR,FWMF,Brighton,19-107,2004,15,3,530,5.9,2,2,4,2,0,0,1,0,9cfbad36
88,Nathaniel Chalobah,eng ENG,MF,Fulham,28-149,1994,4,1,12,0.1,0,0,0,0,0,0,0,1,422862ea
89,Trevoh Chalobah,eng ENG,DF,Chelsea,23-309,1999,21,14,1293,14.4,0,0,0,0,0,0,4,0,5515376c
90,Calum Chambers,eng ENG,DFMF,Aston Villa,28-110,1995,14,2,353,3.9,0,0,0,0,0,0,2,0,dc6f5bdd
91,Ben Chilwell,eng ENG,DFMF,Chelsea,26-140,1996,23,15,1408,15.6,2,2,4,2,0,0,3,0,d2424d1b
92,Ryan Christie,sct SCO,MFFW,Bournemouth,28-077,1995,29,19,1646,18.3,1,1,2,1,0,0,2,0,26ce2263
93,Carney Chukwuemeka,eng ENG,MFFW,Chelsea,19-202,2003,11,1,232,2.6,0,0,0,0,0,0,0,0,b2f9c73e
94,Bobby Clark,eng ENG,MF,Liverpool,18-092,2005,1,0,8,0.1,0,0,0,0,0,0,0,0,73341ace
95,Nathaniel Clyne,eng ENG,DF,Crystal Palace,32-035,1991,22,19,1640,18.2,0,0,0,0,0,0,3,0,0442183b
96,Conor Coady,eng ENG,DF,Everton,30-074,1993,22,22,1970,21.9,1,1,2,1,0,0,2,0,2928dca2
97,Jack Colback,eng ENG,MF,Nott'ham Forest,33-198,1989,11,4,497,5.5,0,0,0,0,0,0,0,0,963a9201
98,Séamus Coleman,ie IRL,DF,Everton,34-211,1988,23,20,1656,18.4,1,0,1,1,0,0,1,0,0420d84f
99,Nathan Collins,ie IRL,DF,Wolves,22-010,2001,24,17,1634,18.2,0,0,0,0,0,0,2,1,a8c19eb8
100,Levi Colwill,eng ENG,DF,Brighton,20-073,2003,13,9,862,9.6,0,0,0,0,0,0,1,0,700783e7
101,Lewis Cook,eng ENG,MF,Bournemouth,26-096,1997,26,17,1620,18.0,0,2,2,0,0,0,3,0,2afc7272
102,Steve Cook,eng ENG,DF,Nott'ham Forest,32-021,1991,12,11,957,10.6,0,0,0,0,0,0,4,0,3e5e4e63
103,Liam Cooper,sct SCO,DF,Leeds United,31-253,1991,17,15,1336,14.8,1,0,1,1,0,0,4,0,dc64b8b3
104,Maxwel Cornet,ci CIV,FW,West Ham,26-225,1996,12,1,167,1.9,0,0,0,0,0,0,0,0,beb391dd
105,Diego Costa,es ESP,FW,Wolves,34-215,1988,21,15,1143,12.7,1,0,1,1,0,0,4,1,a190d597
106,Vladimír Coufal,cz CZE,DF,West Ham,30-261,1992,25,22,1956,21.7,0,1,1,0,0,0,5,0,fdf3cb77
107,Philippe Coutinho,br BRA,MFFW,Aston Villa,30-332,1992,20,7,788,8.8,1,0,1,1,0,0,3,0,0ef89a37
108,Conor Coventry,ie IRL,MFFW,West Ham,23-046,2000,1,0,1,0.0,0,0,0,0,0,0,0,0,a5ca9127
109,Aaron Cresswell,eng ENG,DF,West Ham,33-146,1989,27,23,2165,24.1,0,1,1,0,0,0,3,0,4f974391
110,Marc Cucurella,es ESP,DF,Chelsea,24-292,1998,24,21,1671,18.6,0,2,2,0,0,0,4,0,1daec722
111,Matheus Cunha,br BRA,FW,Wolves,23-348,1999,15,11,902,10.0,2,0,2,2,0,0,1,0,dc62b55d
112,Patson Daka,zm ZAM,FW,Leicester City,24-213,1998,28,13,1129,12.5,4,4,8,4,0,0,2,0,ca45605e
113,Diogo Dalot,pt POR,DF,Manchester Utd,24-053,1999,25,23,2064,22.9,1,2,3,1,0,0,6,0,d9565625
114,Mikkel Damsgaard,dk DEN,MFFW,Brentford,22-311,2000,23,7,798,8.9,0,0,0,0,0,0,3,0,215f3907
115,Danilo,br BRA,MF,Nott'ham Forest,22-011,2001,11,10,815,9.1,3,2,5,3,0,0,1,0,a816dbfb
116,Arnaut Danjuma,nl NED,FWMF,Tottenham,26-099,1997,7,0,94,1.0,1,0,1,1,0,0,0,0,f08490a6
117,Josh Dasilva,eng ENG,MF,Brentford,24-199,1998,33,14,1352,15.0,4,2,6,4,0,0,1,0,60344e4f
118,Ben Davies,wls WAL,DF,Tottenham,30-016,1993,28,23,2025,22.5,2,2,4,2,0,0,4,0,44781702
119,Tom Davies,eng ENG,MF,Everton,24-314,1998,19,4,538,6.0,0,0,0,0,0,0,3,0,9228b07c
120,Craig Dawson,eng ENG,DF,West Ham,33-004,1990,8,8,720,8.0,0,0,0,0,0,0,2,0,3e9e06cb
121,Craig Dawson,eng ENG,DF,Wolves,33-004,1990,15,15,1234,13.7,1,0,1,1,0,0,2,0,3e9e06cb
122,Kevin De Bruyne,be BEL,MF,Manchester City,31-316,1991,30,27,2348,26.1,7,16,23,7,0,0,1,0,e46012d4
123,Siriki Dembélé,ci CIV,FWMF,Bournemouth,26-245,1996,6,0,110,1.2,0,0,0,0,0,0,0,0,11f54bd5
124,Leander Dendoncker,be BEL,MF,Aston Villa,28-025,1995,19,7,693,7.7,0,0,0,0,0,0,0,0,5a7301ae
125,Leander Dendoncker,be BEL,MF,Wolves,28-025,1995,4,2,214,2.4,0,0,0,0,0,0,0,0,5a7301ae
126,Emmanuel Dennis,ng NGA,FWMF,Nott'ham Forest,25-176,1997,18,6,701,7.8,2,2,4,2,0,0,3,0,2c44a35d
127,Halil Dervişoğlu,tr TUR,MF,Brentford,23-153,1999,1,0,8,0.1,0,0,0,0,0,0,0,0,9d8cf204
128,Kiernan Dewsbury-Hall,eng ENG,MF,Leicester City,24-246,1998,30,27,2236,24.8,2,2,4,2,0,0,5,1,5c74c0f5
129,Ibrahima Diallo,fr FRA,MF,Southampton,24-063,1999,18,11,819,9.1,0,0,0,0,0,0,4,0,11ff3d56
130,Rúben Dias,pt POR,DF,Manchester City,25-361,1997,25,21,1909,21.2,0,0,0,0,0,0,3,0,31c69ef1
131,Luis Díaz,co COL,FW,Liverpool,26-117,1997,14,9,818,9.1,4,2,6,4,0,0,2,0,4a1a9578
132,Eric Dier,eng ENG,DF,Tottenham,29-115,1994,33,31,2818,31.3,2,1,3,2,0,0,3,0,ac861941
133,Lucas Digne,fr FRA,DF,Aston Villa,29-294,1993,26,16,1360,15.1,1,0,1,1,0,0,4,0,1b84dbe1
134,Issa Diop,fr FRA,DF,Fulham,26-121,1997,22,18,1742,19.4,1,0,1,1,0,0,2,0,a712ca2b
135,Moussa Djenepo,ml MLI,DFFW,Southampton,24-329,1998,15,7,692,7.7,0,2,2,0,0,0,0,0,254147d4
136,Ben Doak,sct SCO,FW,Liverpool,17-180,2005,2,0,26,0.3,0,0,0,0,0,0,0,0,733f1a7d
137,Matt Doherty,ie IRL,DFMF,Tottenham,31-114,1992,12,7,667,7.4,1,0,1,1,0,0,0,0,d557d734
138,Gabriel Dos Santos,br BRA,DF,Arsenal,25-142,1997,35,35,3139,34.9,3,0,3,3,0,0,4,0,67ac5bb8
139,Abdoulaye Doucouré,ml MLI,MF,Everton,30-129,1993,22,14,1263,14.0,4,2,6,4,0,0,6,1,02b29014
140,Cheick Doucouré,ml MLI,MF,Crystal Palace,23-122,2000,31,31,2532,28.1,0,3,3,0,0,0,10,1,ce4f40c7
141,Flynn Downes,eng ENG,MF,West Ham,24-110,1999,19,5,587,6.5,0,0,0,0,0,0,2,0,69fdb896
142,Cody Drameh,eng ENG,DF,Leeds United,21-153,2001,1,1,69,0.8,0,0,0,0,0,0,0,0,e0d1510a
143,Martin Dúbravka,sk SVK,GK,Newcastle Utd,34-115,1989,1,0,67,0.7,0,0,0,0,0,0,0,0,3a949a25
144,Shane Duffy,ie IRL,DFFW,Fulham,31-129,1992,5,0,20,0.2,0,0,0,0,0,0,0,0,7314bba4
145,Lewis Dunk,eng ENG,DF,Brighton,31-170,1991,33,33,2969,33.0,1,0,1,1,0,0,4,0,282f75f3
146,Jhon Durán,co COL,FWMF,Aston Villa,19-148,2003,10,0,109,1.2,0,0,0,0,0,0,1,0,414184f7
147,Malcolm Ebiowei,eng ENG,MFFW,Crystal Palace,19-248,2003,3,0,34,0.4,0,0,0,0,0,0,0,0,fa9fa773
148,Ederson,br BRA,GK,Manchester City,29-266,1993,33,33,2970,33.0,0,1,1,0,0,0,3,0,3bb7b8b4
149,Odsonne Édouard,fr FRA,FW,Crystal Palace,25-114,1998,32,18,1618,18.0,4,2,6,4,0,0,3,0,0562b7f1
150,Samuel Edozie,eng ENG,FWMF,Southampton,20-102,2003,17,5,567,6.3,0,0,0,0,0,0,0,0,007414dd
151,Anthony Elanga,se SWE,FW,Manchester Utd,21-013,2002,16,5,426,4.7,0,1,1,0,0,0,0,0,2fba6108
152,Harvey Elliott,eng ENG,MFFW,Liverpool,20-036,2003,29,18,1566,17.4,1,2,3,1,0,0,1,0,c8387671
153,Mohamed Elneny,eg EGY,MF,Arsenal,30-303,1992,5,1,113,1.3,0,0,0,0,0,0,0,0,47a34c4f
154,Mohamed Elyounoussi,no NOR,MFFW,Southampton,28-279,1994,30,25,2017,22.4,0,1,1,0,0,0,3,0,68dc0dac
155,Emerson,br BRA,DF,Tottenham,24-116,1999,23,17,1481,16.5,2,1,3,2,0,0,2,1,df8b52a5
156,Christian Eriksen,dk DEN,MF,Manchester Utd,31-085,1992,24,22,1789,19.9,1,7,8,1,0,0,3,0,980522ec
157,Pervis Estupiñán,ec ECU,DF,Brighton,25-109,1998,30,27,2270,25.2,0,4,4,0,0,0,3,0,d38fdf53
158,Jonny Evans,nir NIR,DF,Leicester City,35-127,1988,10,9,811,9.0,0,0,0,0,0,0,0,0,f8fcd2a5
159,Eberechi Eze,eng ENG,MFFW,Crystal Palace,24-315,1998,35,27,2366,26.3,8,3,11,7,1,1,3,0,ae4fc6a4
160,Łukasz Fabiański,pl POL,GK,West Ham,38-022,1985,33,33,2841,31.6,0,0,0,0,0,0,1,0,9328b835
161,Fabinho,br BRA,MF,Liverpool,29-199,1993,33,28,2445,27.2,0,1,1,0,0,0,10,0,7f3b388c
162,Wout Faes,be BEL,DF,Leicester City,25-037,1998,28,28,2516,28.0,0,2,2,0,0,0,6,1,9c221d14
163,Felipe,br BRA,DF,Nott'ham Forest,33-359,1989,14,13,1250,13.9,0,1,1,0,0,0,4,0,51a3c4c8
164,João Félix,pt POR,FWMF,Chelsea,23-181,1999,13,10,810,9.0,3,0,3,3,0,0,0,1,8aafd64f
165,Evan Ferguson,ie IRL,FW,Brighton,18-203,2004,14,7,646,7.2,4,2,6,4,0,0,1,0,4596da74
166,Bruno Fernandes,pt POR,MFFW,Manchester Utd,28-244,1994,33,33,2968,33.0,6,7,13,5,1,1,6,0,507c7bdf
167,Enzo Fernández,ar ARG,MF,Chelsea,22-113,2001,14,14,1187,13.2,0,2,2,0,0,0,1,0,5ff4ab71
168,Roberto Firmino,br BRA,FWMF,Liverpool,31-220,1991,23,12,1138,12.6,9,4,13,9,0,0,0,0,4c370d81
169,Junior Firpo,es ESP,DF,Leeds United,26-261,1996,17,13,1248,13.9,1,1,2,1,0,0,5,0,24f59bb2
170,Phil Foden,eng ENG,FW,Manchester City,22-347,2000,28,18,1522,16.9,10,6,16,10,0,0,1,0,ed1e53f3
171,Datro Fofana,ci CIV,FW,Chelsea,20-139,2002,2,1,61,0.7,0,0,0,0,0,0,0,0,e82900ef
172,Wesley Fofana,fr FRA,DF,Leicester City,22-144,2000,2,2,180,2.0,0,0,0,0,0,0,1,0,132a82f1
173,Wesley Fofana,fr FRA,DF,Chelsea,22-144,2000,12,10,958,10.6,1,0,1,1,0,0,3,0,132a82f1
174,Pablo Fornals,es ESP,FWMF,West Ham,27-077,1996,29,14,1267,14.1,2,1,3,2,0,0,0,0,82927de4
175,Adam Forshaw,eng ENG,MF,Leeds United,31-214,1991,9,3,283,3.1,0,0,0,0,0,0,0,0,9f1938ab
176,Fraser Forster,eng ENG,GK,Tottenham,35-054,1988,11,10,945,10.5,0,0,0,0,0,0,1,0,c3e39f12
177,Tyrese Francois,au AUS,FW,Fulham,22-298,2000,1,0,1,0.0,0,0,0,0,0,0,0,0,6722d4f0
178,Ryan Fraser,sct SCO,FW,Newcastle Utd,29-075,1994,8,3,313,3.5,0,0,0,0,0,0,1,0,d56543a0
179,Fred,br BRA,MF,Manchester Utd,30-066,1993,31,11,1148,12.8,2,1,3,2,0,0,6,0,b853e0ad
180,Ryan Fredericks,eng ENG,DF,Bournemouth,30-212,1992,12,5,533,5.9,0,0,0,0,0,0,1,0,c067631c
181,Remo Freuler,ch SUI,MF,Nott'ham Forest,31-025,1992,28,24,2161,24.0,0,0,0,0,0,0,4,0,98d2c2c4
182,Cody Gakpo,nl NED,FW,Liverpool,24-003,1999,18,15,1244,13.8,6,2,8,6,0,0,0,0,1971591f
183,Conor Gallagher,eng ENG,MFFW,Chelsea,23-093,2000,31,14,1313,14.6,3,1,4,3,0,0,10,1,c2731c10
184,Idrissa Gana Gueye,sn SEN,MF,Everton,33-226,1989,30,29,2351,26.1,0,1,1,0,0,0,7,0,72c812f3
185,Alejandro Garnacho,es ESP,FWMF,Manchester Utd,18-313,2004,15,4,453,5.0,2,2,4,2,0,0,2,0,7aa8adfe
186,James Garner,eng ENG,MF,Everton,22-058,2001,13,4,549,6.1,0,1,1,0,0,0,1,0,4e015693
187,David de Gea,es ESP,GK,Manchester Utd,32-184,1990,34,34,3060,34.0,0,0,0,0,0,0,0,0,7ba6d84e
188,Joe Gelhardt,eng ENG,FW,Leeds United,21-006,2002,15,1,212,2.4,0,2,2,0,0,0,1,0,01962d0d
189,Saman Ghoddos,ir IRN,MFDF,Brentford,29-246,1993,13,0,132,1.5,0,0,0,0,0,0,0,0,f7b1d4e0
190,Morgan Gibbs-White,eng ENG,FWMF,Wolves,23-103,2000,2,2,180,2.0,0,0,0,0,0,0,1,0,32f60ed8
191,Morgan Gibbs-White,eng ENG,MFFW,Nott'ham Forest,23-103,2000,32,31,2703,30.0,5,7,12,3,2,2,3,0,32f60ed8
192,Billy Gilmour,sct SCO,MF,Brighton,21-333,2001,10,4,340,3.8,0,0,0,0,0,0,1,0,df10e27c
193,Degnand Gnonto,it ITA,FWMF,Leeds United,19-186,2003,21,14,1267,14.1,2,4,6,2,0,0,6,0,75fdd638
194,Ben Godfrey,eng ENG,DF,Everton,25-115,1998,13,10,802,8.9,0,1,1,0,0,0,2,0,9f7c837d
195,João Gomes,br BRA,MF,Wolves,22-087,2001,9,5,479,5.3,1,0,1,1,0,0,5,0,8b57ad2c
196,Toti Gomes,pt POR,DF,Wolves,24-114,1999,14,8,810,9.0,1,0,1,1,0,0,6,0,f0caab96
197,Joe Gomez,eng ENG,DF,Liverpool,25-352,1997,20,14,1376,15.3,0,0,0,0,0,0,3,0,7a11550b
198,Sergio Gómez,es ESP,DFMF,Manchester City,22-248,2000,8,0,174,1.9,0,1,1,0,0,0,0,0,01e5f06e
199,Anthony Gordon,eng ENG,FWMF,Newcastle Utd,22-075,2001,12,3,397,4.4,0,0,0,0,0,0,1,0,2bd83368
200,Anthony Gordon,eng ENG,FW,Everton,22-075,2001,16,12,1095,12.2,3,0,3,3,0,0,6,0,2bd83368
201,Demarai Gray,eng ENG,FWMF,Everton,26-316,1996,30,26,2360,26.2,4,1,5,2,2,2,3,0,4468ec10
202,Jack Grealish,eng ENG,FW,Manchester City,27-242,1995,27,23,2042,22.7,5,7,12,5,0,0,4,0,b0b4fd3e
203,Sam Greenwood,eng ENG,MFFW,Leeds United,21-104,2002,16,2,372,4.1,1,2,3,1,0,0,1,0,f3354c07
204,Pascal Groß,de GER,MFDF,Brighton,31-329,1991,32,32,2811,31.2,8,6,14,8,0,0,3,0,8aec0537
205,Vicente Guaita,es ESP,GK,Crystal Palace,36-120,1987,27,27,2430,27.0,0,0,0,0,0,0,1,0,ab13a5aa
206,Gonçalo Guedes,pt POR,FWMF,Wolves,26-162,1996,13,8,707,7.9,1,1,2,1,0,0,1,0,e6bc67d7
207,Marc Guéhi,eng ENG,DF,Crystal Palace,22-301,2000,34,34,3059,34.0,1,0,1,1,0,0,8,0,d0706b27
208,Bruno Guimarães,br BRA,MF,Newcastle Utd,25-175,1997,28,28,2366,26.3,3,5,8,3,0,0,4,0,82518f62
209,İlkay Gündoğan,de GER,MF,Manchester City,32-198,1990,29,25,2186,24.3,6,3,9,6,0,1,0,0,819b3158
210,Darko Gyabi,eng ENG,FW,Leeds United,19-081,2004,1,0,8,0.1,0,0,0,0,0,0,0,0,56d838f7
211,Erling Haaland,no NOR,FW,Manchester City,22-293,2000,32,31,2585,28.7,35,7,42,28,7,7,5,0,1f44ac21
212,Lewis Hall,eng ENG,DFMF,Chelsea,18-244,2004,5,4,304,3.4,0,0,0,0,0,0,1,0,da011f18
213,Luke Harris,wls WAL,MFFW,Fulham,18-037,2005,3,0,13,0.1,0,0,0,0,0,0,0,0,8c3078cd
214,Jack Harrison,eng ENG,FWMF,Leeds United,26-171,1996,33,31,2497,27.7,4,7,11,4,0,0,2,0,aa849a12
215,Kai Havertz,de GER,FWMF,Chelsea,23-333,1999,31,27,2346,26.1,7,1,8,6,1,1,4,0,fed7cb61
216,Jan Paul van Hecke,nl NED,DF,Brighton,22-336,2000,4,1,87,1.0,0,0,0,0,0,0,0,0,4fd08daa
217,Hwang Hee-chan,kr KOR,FWMF,Wolves,27-104,1996,24,10,946,10.5,2,1,3,2,0,0,1,0,169fd162
218,Dean Henderson,eng ENG,GK,Nott'ham Forest,26-059,1997,18,18,1620,18.0,0,0,0,0,0,0,2,0,e5a76dfe
219,Jordan Henderson,eng ENG,MF,Liverpool,32-327,1990,32,21,1896,21.1,0,2,2,0,0,0,2,0,935e6b8f
220,Wayne Hennessey,wls WAL,GK,Nott'ham Forest,36-106,1987,2,2,180,2.0,0,0,0,0,0,0,0,0,76eca7e2
221,Rico Henry,eng ENG,DF,Brentford,25-306,1997,34,34,2968,33.0,0,2,2,0,0,0,3,0,8a3c1dc7
222,Son Heung-min,kr KOR,MFFW,Tottenham,30-306,1992,33,30,2633,29.3,10,5,15,10,0,0,2,0,92e7e919
223,Aaron Hickey,sct SCO,DF,Brentford,20-334,2002,23,20,1675,18.6,0,0,0,0,0,0,6,0,1780bb4a
224,Joseph Hodge,ie IRL,MF,Wolves,20-238,2002,5,1,169,1.9,0,0,0,0,0,0,1,0,bd8a5d95
225,Rob Holding,eng ENG,DF,Arsenal,27-232,1995,14,6,566,6.3,1,0,1,1,0,0,0,0,d79a8c87
226,Mason Holgate,eng ENG,DF,Everton,26-200,1996,6,4,444,4.9,0,0,0,0,0,0,3,1,d0042ab9
227,Will Hughes,eng ENG,MF,Crystal Palace,28-023,1995,24,4,587,6.5,0,1,1,0,0,0,4,0,a0666d3e
228,Omari Hutchinson,eng ENG,FW,Chelsea,19-192,2003,1,0,23,0.3,0,0,0,0,0,0,0,0,bd9553e6
229,Pierre Højbjerg,dk DEN,MF,Tottenham,27-278,1995,34,34,3041,33.8,4,5,9,4,0,0,5,0,8b04d6c1
230,Kelechi Iheanacho,ng NGA,FWMF,Leicester City,26-219,1996,26,9,1006,11.2,5,4,9,4,1,1,0,0,c92e1a31
231,Danny Ings,eng ENG,FW,West Ham,30-291,1992,14,5,575,6.4,2,0,2,2,0,0,0,0,07802f7f
232,Danny Ings,eng ENG,FW,Aston Villa,30-291,1992,18,8,824,9.2,6,0,6,4,2,2,3,0,07802f7f
233,Alexander Isak,se SWE,FW,Newcastle Utd,23-231,1999,18,13,1166,13.0,10,1,11,8,2,2,2,0,8e92be30
234,Daniel Iversen,dk DEN,GK,Leicester City,25-295,1997,9,9,810,9.0,0,0,0,0,0,0,0,0,10d221cd
235,Alex Iwobi,ng NGA,MFFW,Everton,27-007,1996,35,35,3108,34.5,2,7,9,2,0,0,2,0,6ca5ec4b
236,Daniel James,wls WAL,FW,Leeds United,25-181,1997,4,2,198,2.2,0,0,0,0,0,0,0,0,c931d9f9
237,Daniel James,wls WAL,FW,Fulham,25-181,1997,19,5,610,6.8,2,1,3,2,0,0,0,0,c931d9f9
238,Reece James,eng ENG,DFMF,Chelsea,23-153,1999,16,14,1244,13.8,1,1,2,1,0,0,4,0,1265a93a
239,Vitaly Janelt,de GER,MFDF,Brentford,25-000,1998,32,21,1938,21.5,3,1,4,3,0,0,2,0,8449d35e
240,Pontus Jansson,se SWE,DF,Brentford,32-086,1991,12,9,724,8.0,1,0,1,1,0,0,0,0,172e52d8
241,Mathias Jensen,dk DEN,MF,Brentford,27-129,1996,35,35,2663,29.6,5,5,10,5,0,0,5,0,0f134faf
242,Gabriel Jesus,br BRA,FW,Arsenal,26-037,1997,23,21,1808,20.1,10,5,15,9,1,1,5,0,b66315ae
243,Raúl Jiménez,mx MEX,FW,Wolves,32-005,1991,13,7,743,8.3,0,1,1,0,0,0,0,0,b561db50
244,Joelinton,br BRA,MFFW,Newcastle Utd,26-269,1996,30,28,2482,27.6,6,1,7,6,0,0,12,0,c17bfb65
245,Ben Johnson,eng ENG,DF,West Ham,23-106,2000,15,8,775,8.6,0,0,0,0,0,0,0,0,9319781b
246,Brennan Johnson,wls WAL,FWMF,Nott'ham Forest,21-352,2001,35,32,2822,31.4,8,3,11,7,1,3,6,0,0cd31129
247,Sam Johnstone,eng ENG,GK,Crystal Palace,30-046,1993,6,6,540,6.0,0,0,0,0,0,0,1,0,9e5708be
248,Curtis Jones,eng ENG,MF,Liverpool,22-100,2001,15,9,834,9.3,1,1,2,1,0,0,2,0,4fb9c88f
249,Jorginho,it ITA,MF,Arsenal,31-141,1991,11,6,616,6.8,0,1,1,0,0,0,0,0,45db685d
250,Jorginho,it ITA,MF,Chelsea,31-141,1991,18,15,1279,14.2,2,0,2,0,2,2,4,0,45db685d
251,Mateo Joseph,eng ENG,FWMF,Leeds United,19-203,2003,3,0,26,0.3,0,0,0,0,0,0,0,0,6ad43f9a
252,Diogo Jota,pt POR,FW,Liverpool,26-157,1996,19,11,996,11.1,5,4,9,5,0,0,2,0,178ae8f8
253,Hamed Junior Traorè,ci CIV,FWMF,Bournemouth,23-083,2000,7,5,427,4.7,0,0,0,0,0,0,0,0,570bb4b9
254,James Justin,eng ENG,DF,Leicester City,25-076,1998,14,14,1252,13.9,0,0,0,0,0,0,0,0,fb614c44
255,Mathias Jørgensen,dk DEN,DF,Brentford,33-017,1990,16,10,1000,11.1,0,0,0,0,0,0,1,0,0db5d2c8
256,Sasa Kalajdzic,at AUT,FW,Wolves,25-307,1997,1,1,45,0.5,0,0,0,0,0,0,0,0,15f24fe7
257,Boubacar Kamara,fr FRA,MF,Aston Villa,23-168,1999,21,19,1574,17.5,0,1,1,0,0,0,4,0,cc77354e
258,Harry Kane,eng ENG,FW,Tottenham,29-286,1993,35,35,3135,34.8,26,3,29,22,4,5,5,0,21a66f6a
259,N'Golo Kanté,fr FRA,MF,Chelsea,32-042,1991,7,6,518,5.8,0,1,1,0,0,0,1,0,b9fbae28
260,Michael Keane,eng ENG,DF,Everton,30-119,1993,11,10,923,10.3,1,1,2,1,0,0,0,0,c5b7c315
261,Neeskens Kebano,cd COD,FW,Fulham,31-061,1992,16,9,751,8.3,0,3,3,0,0,0,0,0,18b999f4
262,Thilo Kehrer,de GER,DF,West Ham,26-231,1996,25,24,2095,23.3,0,2,2,0,0,0,4,0,51dbeea9
263,Naby Keïta,gn GUI,MF,Liverpool,28-089,1995,8,3,293,3.3,0,0,0,0,0,0,1,0,f25c8e3a
264,Lloyd Kelly,eng ENG,DF,Bournemouth,24-216,1998,20,20,1770,19.7,0,2,2,0,0,0,3,0,f31def1e
265,Max Kilman,eng ENG,DF,Wolves,25-352,1997,35,35,3150,35.0,0,0,0,0,0,0,3,0,d0f72bf1
266,Jakub Kiwior,pl POL,DF,Arsenal,23-084,2000,4,2,196,2.2,0,0,0,0,0,0,0,0,dc3e663e
267,Mateusz Klich,pl POL,MFFW,Leeds United,32-331,1990,14,0,280,3.1,0,0,0,0,0,0,2,0,282679b4
268,Robin Koch,de GER,DF,Leeds United,26-297,1996,33,33,2905,32.3,0,0,0,0,0,0,6,0,ea6bc03a
269,Ibrahima Konaté,fr FRA,DF,Liverpool,23-350,1999,16,15,1372,15.2,0,0,0,0,0,0,3,0,5ed9b537
270,Ezri Konsa,eng ENG,DF,Aston Villa,25-199,1997,35,34,3052,33.9,0,0,0,0,0,0,5,0,0313a347
271,Kalidou Koulibaly,sn SEN,DF,Chelsea,31-324,1991,22,20,1790,19.9,2,1,3,2,0,0,7,1,da974c7b
272,Cheikhou Kouyaté,sn SEN,MF,Nott'ham Forest,33-140,1989,18,10,839,9.3,1,0,1,1,0,0,3,0,8d3c902d
273,Mateo Kovačić,hr CRO,MF,Chelsea,29-004,1994,25,16,1642,18.2,1,2,3,1,0,0,8,0,79c0821a
274,Emil Krafth,se SWE,DF,Newcastle Utd,28-281,1994,1,0,1,0.0,0,0,0,0,0,0,0,0,77cf6852
275,Dejan Kulusevski,se SWE,MFFW,Tottenham,23-015,2000,27,21,1898,21.1,2,6,8,2,0,0,2,0,df3cda47
276,Layvin Kurzawa,fr FRA,DF,Fulham,30-248,1992,3,2,135,1.5,0,0,0,0,0,0,1,0,41e7ef1c
277,Adam Lallana,eng ENG,MFFW,Brighton,35-000,1988,16,12,722,8.0,2,1,3,2,0,0,0,0,99813635
278,Tariq Lamptey,gh GHA,DF,Brighton,22-222,2000,20,3,453,5.0,0,0,0,0,0,0,1,0,f4e433d4
279,Manuel Lanzini,ar ARG,MFFW,West Ham,30-084,1993,7,1,150,1.7,0,0,0,0,0,0,0,0,26f6dca8
280,Aymeric Laporte,es ESP,DF,Manchester City,28-348,1994,9,8,736,8.2,0,0,0,0,0,0,0,0,119b9a8e
281,Juan Larios,es ESP,DF,Southampton,19-118,2004,5,2,152,1.7,0,0,0,0,0,0,0,0,cf7fb13a
282,Jamaal Lascelles,eng ENG,DF,Newcastle Utd,29-180,1993,7,2,218,2.4,0,0,0,0,0,0,4,0,450ab6fc
283,Roméo Lavia,be BEL,MF,Southampton,19-124,2004,26,23,1986,22.1,1,0,1,1,0,0,8,0,ecad9aa5
284,Dexter Lembikisa,jm JAM,DF,Wolves,19-187,2003,1,0,23,0.3,0,0,0,0,0,0,0,0,0bdda685
285,Mario Lemina,ga GAB,MF,Wolves,29-251,1993,16,15,1118,12.4,0,1,1,0,0,0,4,1,2b471f99
286,Clément Lenglet,fr FRA,DF,Tottenham,27-327,1995,23,21,1749,19.4,0,2,2,0,0,0,4,0,4f28a6ff
287,Bernd Leno,de GER,GK,Fulham,31-067,1992,33,33,2970,33.0,0,0,0,0,0,0,3,0,2628fd2b
288,Jefferson Lerma,co COL,MF,Bournemouth,28-197,1994,34,34,2982,33.1,5,0,5,5,0,0,6,0,9b5ce51a
289,Jamal Lewis,nir NIR,DF,Newcastle Utd,25-105,1998,1,0,8,0.1,0,0,0,0,0,0,0,0,efb9215a
290,Rico Lewis,eng ENG,DFMF,Manchester City,18-170,2004,11,7,633,7.0,0,0,0,0,0,0,1,0,b57e066e
291,Keane Lewis-Potter,eng ENG,FWMF,Brentford,22-077,2001,10,3,321,3.6,0,1,1,0,0,0,0,0,41f08ac8
292,Victor Lindelöf,se SWE,DF,Manchester Utd,28-297,1994,16,10,1005,11.2,0,0,0,0,0,0,1,0,f5deef4c
293,Jesse Lingard,eng ENG,FWMF,Nott'ham Forest,30-146,1992,17,12,923,10.3,0,0,0,0,0,0,1,0,810e3c74
294,Diego Llorente,es ESP,DF,Leeds United,29-267,1993,8,7,649,7.2,0,0,0,0,0,0,1,0,bba30585
295,Hugo Lloris,fr FRA,GK,Tottenham,36-135,1986,25,25,2205,24.5,0,0,0,0,0,0,0,0,8f62b6ee
296,Renan Lodi,br BRA,DF,Nott'ham Forest,25-032,1998,25,23,1989,22.1,0,0,0,0,0,0,6,0,ed9f7cfe
297,Ruben Loftus-Cheek,eng ENG,MFDF,Chelsea,27-107,1996,21,17,1342,14.9,0,0,0,0,0,0,1,0,e97fd090
298,Sean Longstaff,eng ENG,MF,Newcastle Utd,25-192,1997,32,27,2428,27.0,1,4,5,1,0,0,2,0,a2b105e0
299,Jamal Lowe,jm JAM,MFFW,Bournemouth,28-293,1994,2,0,12,0.1,0,0,0,0,0,0,0,0,b2856bc0
300,Douglas Luiz,br BRA,MF,Aston Villa,25-001,1998,34,30,2661,29.6,4,5,9,4,0,0,6,1,6f7d826d
301,Saša Lukić,rs SRB,MF,Fulham,26-270,1996,10,3,333,3.7,0,0,0,0,0,0,1,0,c6e8cf1f
302,Lyanco,br BRA,DF,Southampton,26-098,1997,18,8,910,10.1,1,0,1,1,0,0,4,0,b5bf1770
303,Alexis Mac Allister,ar ARG,MF,Brighton,24-137,1998,30,28,2542,28.2,10,1,11,4,6,6,7,0,83d074ff
304,James Maddison,eng ENG,MFFW,Leicester City,26-168,1996,27,26,2255,25.1,10,9,19,9,1,2,10,0,ee38d9c5
305,Noni Madueke,eng ENG,FW,Chelsea,21-061,2002,8,4,381,4.2,1,0,1,1,0,0,0,0,bf34eebd
306,Harry Maguire,eng ENG,DF,Manchester Utd,30-066,1993,14,7,667,7.4,0,0,0,0,0,0,4,0,d8931174
307,Riyad Mahrez,dz ALG,FWMF,Manchester City,32-078,1991,26,18,1577,17.5,5,9,14,4,1,1,2,0,892d5bb1
308,Kobbie Mainoo,eng ENG,MF,Manchester Utd,18-021,2005,1,0,11,0.1,0,0,0,0,0,0,0,0,c6220452
309,Ainsley Maitland-Niles,eng ENG,DFMF,Southampton,25-254,1997,21,12,1326,14.7,0,0,0,0,0,0,3,0,e3a5814e
310,Tyrell Malacia,nl NED,DF,Manchester Utd,23-266,1999,20,13,1261,14.0,0,0,0,0,0,0,5,0,6b6c793c
311,Orel Mangala,be BEL,MF,Nott'ham Forest,25-053,1998,24,17,1299,14.4,1,0,1,1,0,0,3,0,a572e291
312,Javier Manquillo,es ESP,DF,Newcastle Utd,29-005,1994,3,0,36,0.4,0,0,0,0,0,0,0,0,758dd7f0
313,Sekou Mara,fr FRA,FWMF,Southampton,20-284,2002,21,4,526,5.8,1,2,3,1,0,0,1,0,3544641e
314,Solly March,eng ENG,FWDF,Brighton,28-294,1994,33,31,2715,30.2,7,7,14,7,0,0,2,0,bb5fbd2b
315,Emiliano Marcondes,dk DEN,MF,Bournemouth,28-062,1995,1,0,9,0.1,0,0,0,0,0,0,0,0,4d960fc3
316,Marquinhos,br BRA,MF,Arsenal,20-033,2003,1,0,1,0.0,0,0,0,0,0,0,0,0,59878425
317,Anthony Martial,fr FRA,FW,Manchester Utd,27-156,1995,17,8,761,8.5,4,2,6,3,1,1,0,0,8b788c01
318,Martinelli,br BRA,FW,Arsenal,21-326,2001,35,33,2770,30.8,15,5,20,15,0,0,3,0,48a5a5d6
319,Emiliano Martínez,ar ARG,GK,Aston Villa,30-250,1992,33,33,2869,31.9,0,0,0,0,0,0,6,0,7956236f
320,Lisandro Martínez,ar ARG,DF,Manchester Utd,25-112,1998,27,24,2114,23.5,1,0,1,1,0,0,6,0,bac46a10
321,Pape Matar Sarr,sn SEN,MF,Tottenham,20-238,2002,10,2,194,2.2,0,0,0,0,0,0,1,0,feb5d972
322,Jean-Philippe Mateta,fr FRA,FW,Crystal Palace,25-316,1997,27,6,735,8.2,2,0,2,2,0,0,3,0,50e6dc35
323,Joël Matip,cm CMR,DF,Liverpool,31-275,1991,13,11,1002,11.1,1,0,1,1,0,0,3,0,b217ef29
324,Neal Maupay,fr FRA,FW,Everton,26-269,1996,25,11,1064,11.8,1,0,1,1,0,0,4,0,4bcf39f6
325,Kevin Mbabu,ch SUI,DFFW,Fulham,28-021,1995,6,1,144,1.6,0,1,1,0,0,0,1,0,493924a7
326,Bryan Mbeumo,cm CMR,FW,Brentford,23-276,1999,35,33,2638,29.3,6,6,12,5,1,1,5,0,6afaebf2
327,James McArthur,sct SCO,MF,Crystal Palace,35-215,1987,2,0,21,0.2,0,0,0,0,0,0,0,0,cee31595
328,Alex McCarthy,eng ENG,GK,Southampton,33-158,1989,3,3,270,3.0,0,0,0,0,0,0,0,0,36c2ca73
329,John McGinn,sct SCO,MFFW,Aston Villa,28-204,1994,31,27,2423,26.9,1,3,4,1,0,0,5,0,90f91999
330,Scott McKenna,sct SCO,DF,Nott'ham Forest,26-179,1996,20,19,1571,17.5,0,0,0,0,0,0,4,0,4e5a4cbc
331,Weston McKennie,us USA,MF,Leeds United,24-255,1998,16,13,1205,13.4,0,0,0,0,0,0,7,0,01c3aff5
332,Dwight McNeil,eng ENG,FWMF,Everton,23-169,1999,33,25,2228,24.8,7,3,10,7,0,0,5,0,fc15fb84
333,Scott McTominay,sct SCO,MF,Manchester Utd,26-153,1996,21,10,1126,12.5,1,0,1,1,0,0,7,0,d93c2511
334,Ben Mee,eng ENG,DF,Brentford,33-231,1989,34,34,2999,33.3,3,0,3,3,0,0,2,0,8df7a2fb
335,Edouard Mendy,sn SEN,GK,Chelsea,31-070,1992,9,8,765,8.5,0,0,0,0,0,0,1,0,33887998
336,Nampalys Mendy,sn SEN,MF,Leicester City,30-321,1992,17,7,735,8.2,1,0,1,1,0,0,1,0,1598599e
337,Chris Mepham,wls WAL,DF,Bournemouth,25-186,1997,25,23,2109,23.4,0,0,0,0,0,0,7,0,fed96827
338,Illan Meslier,fr FRA,GK,Leeds United,23-069,2000,34,34,3060,34.0,0,0,0,0,0,0,3,0,6b625ac2
339,Alexander Mighten,eng ENG,FW,Nott'ham Forest,21-029,2002,1,0,8,0.1,0,0,0,0,0,0,0,0,10ec4169
340,Luka Milivojević,rs SRB,MF,Crystal Palace,32-033,1991,18,5,512,5.7,0,0,0,0,0,0,2,0,2ce2508a
341,James Milner,eng ENG,MFDF,Liverpool,37-126,1986,28,6,787,8.7,0,1,1,0,0,0,2,0,2f90f6b8
342,Yerry Mina,co COL,DF,Everton,28-229,1994,4,4,324,3.6,1,0,1,1,0,0,2,0,6d5701f2
343,Tyrone Mings,eng ENG,DF,Aston Villa,30-058,1993,32,32,2880,32.0,1,2,3,1,0,0,5,0,8397a50c
344,Tyrick Mitchell,eng ENG,DF,Crystal Palace,23-251,1999,33,31,2621,29.1,0,2,2,0,0,0,5,1,5cbd1eb0
345,Kaoru Mitoma,jp JPN,FW,Brighton,25-355,1997,28,20,1934,21.5,7,4,11,7,0,0,0,0,74618572
346,Aleksandar Mitrović,rs SRB,FW,Fulham,28-236,1994,21,21,1813,20.1,11,1,12,8,3,6,6,0,3925dbd6
347,Kieffer Moore,wls WAL,FW,Bournemouth,30-275,1992,24,12,1187,13.2,4,0,4,4,0,0,1,0,01ce9e70
348,Andrew Moran,ie IRL,FW,Brighton,19-207,2003,1,0,12,0.1,0,0,0,0,0,0,0,0,c4720845
349,Álex Moreno,es ESP,DF,Aston Villa,29-336,1993,17,13,1227,13.6,0,3,3,0,0,0,3,0,16e9d0ea
350,Mason Mount,eng ENG,MFFW,Chelsea,24-120,1999,24,20,1648,18.3,3,2,5,3,0,0,4,0,9674002f
351,Lucas Moura,br BRA,MFDF,Tottenham,30-270,1992,13,0,127,1.4,0,0,0,0,0,0,0,1,2b622f01
352,João Moutinho,pt POR,MF,Wolves,36-244,1986,31,20,1780,19.8,0,2,2,0,0,0,3,0,f5a00fa4
353,Divin Mubama,eng ENG,FW,West Ham,18-197,2004,1,0,4,0.0,0,0,0,0,0,0,0,0,92868cb5
354,Mykhailo Mudryk,ua UKR,FW,Chelsea,22-125,2001,13,6,572,6.4,0,2,2,0,0,0,1,0,049a888d
355,Jacob Murphy,eng ENG,FW,Newcastle Utd,28-075,1995,34,14,1215,13.5,4,2,6,4,0,0,0,0,de112b84
356,Enock Mwepu,zm ZAM,FWMF,Brighton,25-129,1998,6,2,213,2.4,0,1,1,0,0,0,0,0,1d5cab82
357,Vitaliy Mykolenko,ua UKR,DF,Everton,23-346,1999,34,30,2655,29.5,0,0,0,0,0,0,4,0,30d4a2e5
358,Keylor Navas,cr CRC,GK,Nott'ham Forest,36-146,1986,15,15,1350,15.0,0,0,0,0,0,0,2,0,ecada4fc
359,Wilfred Ndidi,ng NGA,MFDF,Leicester City,26-145,1996,25,17,1531,17.0,0,0,0,0,0,0,4,0,6b47c5db
360,Reiss Nelson,eng ENG,FW,Arsenal,23-151,1999,9,0,150,1.7,3,2,5,3,0,0,0,0,c5bdb6e3
361,Neto,br BRA,GK,Bournemouth,33-295,1989,25,25,2205,24.5,0,0,0,0,0,0,4,0,a9dc785c
362,Pedro Neto,pt POR,FWMF,Wolves,23-062,2000,17,12,919,10.2,0,0,0,0,0,0,1,0,7ba2eaa9
363,Rúben Neves,pt POR,MF,Wolves,26-058,1997,32,31,2797,31.1,6,1,7,3,3,3,11,0,44bfb6c5
364,Moussa Niakhate,sn SEN,DF,Nott'ham Forest,27-063,1996,11,11,893,9.9,0,0,0,0,0,0,0,0,00242715
365,Rasmus Nissen,dk DEN,DF,Leeds United,25-303,1997,23,18,1690,18.8,2,1,3,2,0,0,4,0,39769cff
366,Eddie Nketiah,eng ENG,FW,Arsenal,23-345,1999,27,9,1036,11.5,4,1,5,4,0,0,3,0,a53649b7
367,Matheus Nunes,pt POR,MF,Wolves,24-256,1998,31,28,2311,25.7,1,1,2,1,0,0,1,1,e6af02e0
368,Darwin Núñez,uy URU,FW,Liverpool,23-320,1999,29,19,1695,18.8,9,3,12,9,0,0,1,1,4d77b365
369,Ethan Nwaneri,eng ENG,FW,Arsenal,16-050,2007,1,0,1,0.0,0,0,0,0,0,0,0,0,7f94982c
370,Christian Nørgaard,dk DEN,MF,Brentford,29-061,1994,22,21,1763,19.6,1,3,4,1,0,0,6,0,df0a4c90
371,Lewis O'Brien,eng ENG,MF,Nott'ham Forest,24-208,1998,13,6,584,6.5,1,0,1,1,0,0,2,0,089667a5
372,Odeluga Offiah,eng ENG,DF,Brighton,20-196,2002,1,0,3,0.0,0,0,0,0,0,0,0,0,65c3efa2
373,Angelo Ogbonna,it ITA,DF,West Ham,34-352,1988,14,11,1057,11.7,0,0,0,0,0,0,0,0,74b2cd7e
374,Michael Olise,fr FRA,FWMF,Crystal Palace,21-149,2001,34,28,2480,27.6,2,9,11,2,0,0,2,0,c4486bac
375,Robin Olsen,se SWE,GK,Aston Villa,33-122,1990,4,2,281,3.1,0,0,0,0,0,0,0,0,e7ee38c3
376,Amadou Onana,be BEL,MF,Everton,21-267,2001,30,27,2282,25.4,1,2,3,1,0,0,9,0,828657ff
377,Josh Onomah,eng ENG,MF,Fulham,26-013,1997,2,0,15,0.2,0,0,0,0,0,0,0,0,6612cd8c
378,Paul Onuachu,ng NGA,FW,Southampton,28-347,1994,10,3,346,3.8,0,0,0,0,0,0,0,0,c06d1086
379,Frank Onyeka,ng NGA,MF,Brentford,25-129,1998,18,6,702,7.8,0,2,2,0,0,0,0,0,2944f86f
380,Mislav Oršić,hr CRO,MF,Southampton,30-132,1992,1,0,7,0.1,0,0,0,0,0,0,0,0,ee950928
381,Stefan Ortega,de GER,GK,Manchester City,30-185,1992,1,1,90,1.0,0,0,0,0,0,0,0,0,c1242d4e
382,Dango Ouattara,bf BFA,MFFW,Bournemouth,21-088,2002,16,13,1054,11.7,1,3,4,1,0,0,1,0,2f9e4435
383,Alex Oxlade-Chamberlain,eng ENG,FWMF,Liverpool,29-268,1993,9,4,335,3.7,1,0,1,1,0,0,0,0,38c7feef
384,David Ozoh,,FW,Crystal Palace,17-344,2005,1,0,1,0.0,0,0,0,0,0,0,0,0,d00d45ab
385,João Palhinha,pt POR,MF,Fulham,27-305,1995,32,32,2852,31.7,3,0,3,3,0,0,12,0,a78ff07f
386,Cole Palmer,eng ENG,FWMF,Manchester City,21-004,2002,11,0,150,1.7,0,0,0,0,0,0,1,0,dc7f8a28
387,Emerson Palmieri,it ITA,DFFW,West Ham,28-280,1994,19,14,1120,12.4,1,0,1,1,0,0,2,0,e0bc6fdc
388,Lucas Paquetá,br BRA,MF,West Ham,25-256,1997,26,25,1991,22.1,4,2,6,3,1,1,4,0,9b6f7fd5
389,Thomas Partey,gh GHA,MF,Arsenal,29-331,1993,30,26,2272,25.2,3,0,3,3,0,0,4,0,529f49ab
390,Nathan Patterson,sct SCO,DFMF,Everton,21-206,2001,17,12,1161,12.9,0,0,0,0,0,0,3,0,230f0471
391,Ben Pearson,eng ENG,MF,Bournemouth,28-126,1995,7,3,286,3.2,0,0,0,0,0,0,1,0,a6b461e7
392,Facundo Pellistri,uy URU,FWMF,Manchester Utd,21-141,2001,3,0,57,0.6,0,0,0,0,0,0,0,0,ac7e7b1c
393,Andreas Pereira,br BRA,MF,Fulham,27-129,1996,33,33,2692,29.9,4,6,10,3,1,1,8,0,6639e500
394,Ricardo Pereira,pt POR,DFMF,Leicester City,29-216,1993,8,4,387,4.3,1,1,2,1,0,0,1,0,75a72a99
395,Ayoze Pérez,es ESP,MFFW,Leicester City,29-285,1993,8,3,382,4.2,0,1,1,0,0,0,0,0,819aa8e7
396,Ivan Perišić,hr CRO,DFMF,Tottenham,34-097,1989,32,23,2101,23.3,1,8,9,1,0,0,6,0,6fe90922
397,Romain Perraud,fr FRA,DF,Southampton,25-230,1997,29,22,1835,20.4,2,2,4,2,0,0,4,0,6dfd8f05
398,Máximo Perrone,ar ARG,MF,Manchester City,20-123,2003,1,0,19,0.2,0,0,0,0,0,0,0,0,53552942
399,Kalvin Phillips,eng ENG,MF,Manchester City,27-159,1995,8,0,110,1.2,0,0,0,0,0,0,1,0,4f565d77
400,Nathaniel Phillips,eng ENG,DF,Liverpool,26-050,1997,2,1,66,0.7,0,0,0,0,0,0,0,0,515ebe8d
401,Jordan Pickford,eng ENG,GK,Everton,29-064,1994,34,34,3060,34.0,0,1,1,0,0,0,5,0,4806ec67
402,Ethan Pinnock,jm JAM,DF,Brentford,29-346,1993,27,27,2430,27.0,2,0,2,2,0,0,0,0,e541326e
403,Daniel Podence,pt POR,FWMF,Wolves,27-201,1995,30,19,1672,18.6,6,0,6,6,0,0,5,0,7fcc71d8
404,Nick Pope,eng ENG,GK,Newcastle Utd,31-021,1992,34,34,2991,33.2,0,0,0,0,0,0,3,1,4b40d9ca
405,Pedro Porro,es ESP,DFMF,Tottenham,23-239,1999,12,11,946,10.5,2,2,4,2,0,0,0,0,27d0a506
406,Dennis Praet,be BEL,MFFW,Leicester City,28-361,1994,22,6,649,7.2,1,0,1,1,0,0,1,0,86695068
407,Isaac Price,nir NIR,MF,Everton,19-226,2003,1,0,33,0.4,0,0,0,0,0,0,1,0,b9403c99
408,Christian Pulisic,us USA,FWDF,Chelsea,24-234,1998,21,8,785,8.7,1,1,2,1,0,0,1,0,1bf33a9a
409,Aaron Ramsdale,eng ENG,GK,Arsenal,24-361,1998,35,35,3150,35.0,0,0,0,0,0,0,1,0,466fb2c5
410,Jacob Ramsey,eng ENG,MFFW,Aston Villa,21-347,2001,32,28,2366,26.3,4,5,9,4,0,0,4,0,1544f145
411,Marcus Rashford,eng ENG,FW,Manchester Utd,25-191,1997,33,31,2741,30.5,16,5,21,16,0,0,2,0,a1d5bd30
412,David Raya,es ESP,GK,Brentford,27-237,1995,35,35,3150,35.0,0,0,0,0,0,0,1,0,98ea5115
413,Tim Ream,us USA,DF,Fulham,35-217,1987,33,33,2897,32.2,1,0,1,1,0,0,2,0,28b40c9c
414,Nathan Redmond,eng ENG,DF,Southampton,29-065,1994,1,0,1,0.0,0,0,0,0,0,0,0,0,ab651565
415,Harrison Reed,eng ENG,MF,Fulham,28-103,1995,34,33,2661,29.6,3,3,6,3,0,0,5,0,803ae100
416,Bobby Reid,jm JAM,FWDF,Fulham,30-097,1993,34,29,2442,27.1,4,1,5,4,0,0,8,0,0f7533cd
417,Declan Rice,eng ENG,MF,West Ham,24-116,1999,34,34,3060,34.0,3,1,4,3,0,1,5,0,1c7012b8
418,Chris Richards,us USA,DF,Crystal Palace,23-043,2000,9,4,447,5.0,0,0,0,0,0,0,0,0,0a3d6d2b
419,Richarlison,br BRA,MFFW,Tottenham,26-000,1997,24,11,918,10.2,1,3,4,1,0,0,3,0,fa031b34
420,Jaïro Riedewald,nl NED,DFFW,Crystal Palace,26-243,1996,4,0,49,0.5,0,0,0,0,0,0,0,0,7a1f2c08
421,Matt Ritchie,sct SCO,FWMF,Newcastle Utd,33-242,1989,7,0,39,0.4,0,0,0,0,0,0,0,0,71ef519e
422,Andrew Robertson,sct SCO,DF,Liverpool,29-060,1994,32,27,2422,26.9,0,8,8,0,0,0,3,0,2e4f5f03
423,Antonee Robinson,us USA,DF,Fulham,25-275,1997,32,32,2818,31.3,0,1,1,0,0,0,7,0,289601e6
424,Joel Robles,es ESP,GK,Leeds United,32-327,1990,1,1,90,1.0,0,0,0,0,0,0,0,0,cda0b317
425,Marc Roca,es ESP,MF,Leeds United,26-165,1996,31,29,2308,25.6,1,2,3,1,0,0,7,0,da27e268
426,Marek Rodák,sk SVK,GK,Fulham,26-148,1996,2,2,180,2.0,0,0,0,0,0,0,0,0,17acc2ed
427,Rodri,es ESP,MF,Manchester City,26-322,1996,33,32,2721,30.2,2,6,8,2,0,0,5,0,6434f10d
428,Rodrigo,es ESP,FWMF,Leeds United,32-065,1991,28,20,1669,18.5,12,1,13,11,1,1,5,0,1fb1c435
429,Mads Roerslev,dk DEN,DF,Brentford,23-320,1999,17,12,1098,12.2,0,0,0,0,0,0,0,0,57c94db2
430,Cristian Romero,ar ARG,DF,Tottenham,25-013,1998,26,25,2274,25.3,0,1,1,0,0,0,10,1,a3d94a58
431,Oriol Romeu,es ESP,MF,Southampton,31-228,1991,1,1,74,0.8,0,0,0,0,0,0,0,0,4b511457
432,Cristiano Ronaldo,pt POR,FW,Manchester Utd,38-094,1985,10,4,525,5.8,1,0,1,1,0,0,2,0,dea698d9
433,Connor Ronan,ie IRL,MF,Wolves,25-065,1998,1,0,1,0.0,0,0,0,0,0,0,0,0,1b804500
434,Salomón Rondón,ve VEN,FW,Everton,33-236,1989,7,1,109,1.2,0,0,0,0,0,0,0,0,b318a643
435,Joe Rothwell,eng ENG,MF,Bournemouth,28-119,1995,19,11,936,10.4,0,1,1,0,0,0,1,0,10a10454
436,Georginio Rutter,fr FRA,FWMF,Leeds United,21-020,2002,10,1,242,2.7,0,0,0,0,0,0,0,0,c64c01fc
437,José Sá,pt POR,GK,Wolves,30-113,1993,35,35,3150,35.0,0,0,0,0,0,0,2,0,903b6e8b
438,Marcel Sabitzer,at AUT,MF,Manchester Utd,29-054,1994,11,7,627,7.0,0,1,1,0,0,0,1,0,e280527c
439,Allan Saint-Maximin,fr FRA,FW,Newcastle Utd,26-059,1997,21,11,1010,11.2,1,5,6,1,0,0,1,0,2b16cb1a
440,Bukayo Saka,eng ENG,FW,Arsenal,21-247,2001,35,34,2942,32.7,13,11,24,11,2,3,6,0,bc7dc64d
441,Mohamed Salah,eg EGY,FW,Liverpool,30-329,1992,35,34,3023,33.6,19,7,26,17,2,4,2,0,e342ad68
442,William Saliba,fr FRA,DF,Arsenal,22-047,2001,27,27,2415,26.8,2,1,3,2,0,0,4,0,972aeb2a
443,Mohammed Salisu,gh GHA,DF,Southampton,24-023,1999,22,21,1973,21.9,0,1,1,0,0,0,5,0,0b33f6ad
444,Albert Sambi Lokonga,be BEL,MF,Arsenal,23-200,1999,6,2,198,2.2,0,0,0,0,0,0,0,0,1b4f1169
445,Albert Sambi Lokonga,be BEL,MF,Crystal Palace,23-200,1999,9,6,536,6.0,0,0,0,0,0,0,2,0,1b4f1169
446,Davinson Sánchez,co COL,DF,Tottenham,26-332,1996,16,6,678,7.5,0,0,0,0,0,0,1,0,da7b447d
447,Robert Sánchez,es ESP,GK,Brighton,25-173,1997,23,23,2070,23.0,0,0,0,0,0,0,2,0,6a713852
448,Jadon Sancho,eng ENG,FWMF,Manchester Utd,23-046,2000,22,17,1355,15.1,5,2,7,5,0,0,0,0,dbf053da
449,Morgan Sanson,fr FRA,MF,Aston Villa,28-265,1994,2,0,11,0.1,0,0,0,0,0,0,0,0,6e7f1353
450,Pablo Sarabia,es ESP,FWMF,Wolves,30-364,1992,12,8,696,7.7,1,0,1,1,0,0,3,0,9744ff80
451,Jeremy Sarmiento,ec ECU,MF,Brighton,20-328,2002,9,1,176,2.0,0,1,1,0,0,0,1,0,ac0d576d
452,Gianluca Scamacca,it ITA,FW,West Ham,24-129,1999,16,11,926,10.3,3,0,3,3,0,0,3,0,8790f988
453,Gustavo Scarpa,br BRA,MFFW,Nott'ham Forest,29-125,1994,6,2,181,2.0,0,0,0,0,0,0,1,0,2964fd20
454,Kevin Schade,de GER,FW,Brentford,21-164,2001,15,5,549,6.1,0,1,1,0,0,0,2,0,52afb588
455,Fabian Schär,ch SUI,DF,Newcastle Utd,31-141,1991,32,32,2846,31.6,1,3,4,1,0,0,6,0,c8aa95da
456,Jeffrey Schlupp,gh GHA,MFFW,Crystal Palace,30-138,1992,34,30,2531,28.1,3,1,4,3,0,0,7,0,3312f911
457,Nélson Semedo,pt POR,DF,Wolves,29-175,1993,33,28,2362,26.2,0,1,1,0,0,0,10,1,d04b94db
458,Antoine Semenyo,gh GHA,FWMF,Bournemouth,23-123,2000,11,2,258,2.9,1,0,1,1,0,0,0,0,efd2ec23
459,Marcos Senesi,ar ARG,DF,Bournemouth,26-000,1997,29,27,2311,25.7,2,0,2,2,0,0,6,0,35141f4c
460,Ryan Sessegnon,eng ENG,DF,Tottenham,22-357,2000,17,9,813,9.0,2,0,2,2,0,0,4,0,6aa3e78b
461,Luke Shaw,eng ENG,DF,Manchester Utd,27-302,1995,28,27,2327,25.9,1,2,3,1,0,0,7,0,9c94165b
462,Jonjo Shelvey,eng ENG,MF,Newcastle Utd,31-072,1992,3,0,37,0.4,0,0,0,0,0,0,0,0,3727dd3c
463,Jonjo Shelvey,eng ENG,MF,Nott'ham Forest,31-072,1992,8,6,540,6.0,0,0,0,0,0,0,2,0,3727dd3c
464,Bernardo Silva,pt POR,MFFW,Manchester City,28-273,1994,32,23,2109,23.4,4,5,9,4,0,0,4,0,3eb22ec9
465,Thiago Silva,br BRA,DF,Chelsea,38-230,1984,24,23,2082,23.1,0,2,2,0,0,0,1,0,86e7deaf
466,Ellis Simms,eng ENG,FW,Everton,22-125,2001,10,2,224,2.5,1,0,1,1,0,0,0,0,26d3b5be
467,Luis Sinisterra,co COL,FW,Leeds United,23-327,1999,19,13,867,9.6,5,0,5,5,0,0,3,1,8e16dd48
468,Oliver Skipp,eng ENG,MF,Tottenham,22-236,2000,20,15,1252,13.9,1,0,1,1,0,0,6,0,6250083a
469,Adam Smith,eng ENG,DF,Bournemouth,32-011,1991,34,32,2765,30.7,0,1,1,0,0,0,10,0,20b104bc
470,Emile Smith Rowe,eng ENG,MFFW,Arsenal,22-286,2000,10,0,142,1.6,0,1,1,0,0,0,0,0,17695062
471,Cédric Soares,pt POR,DF,Arsenal,31-252,1991,2,0,29,0.3,0,0,0,0,0,0,0,0,839c14e1
472,Cédric Soares,pt POR,DF,Fulham,31-252,1991,6,2,198,2.2,0,0,0,0,0,0,0,0,839c14e1
473,Dominic Solanke,eng ENG,FW,Bournemouth,25-238,1997,30,29,2590,28.8,6,7,13,6,0,0,1,0,e77dc3b2
474,Manor Solomon,il ISR,FW,Fulham,23-290,1999,16,4,523,5.8,4,0,4,4,0,0,0,0,886f9aac
475,Tomáš Souček,cz CZE,MF,West Ham,28-072,1995,34,30,2668,29.6,2,3,5,2,0,0,3,0,6613c819
476,Boubakary Soumaré,fr FRA,MF,Leicester City,24-072,1999,23,17,1359,15.1,0,0,0,0,0,0,9,0,ae59b359
477,Harry Souttar,au AUS,DF,Leicester City,24-200,1998,10,10,900,10.0,0,1,1,0,0,0,2,0,0a6cb1b1
478,Çağlar Söyüncü,tr TUR,DF,Leicester City,26-352,1996,7,6,529,5.9,1,0,1,1,0,0,2,0,21166ff4
479,Djed Spence,eng ENG,FWDF,Tottenham,22-274,2000,4,0,7,0.1,0,0,0,0,0,0,0,0,9bc9a519
480,Jack Stacey,eng ENG,DF,Bournemouth,27-034,1996,10,3,299,3.3,0,0,0,0,0,0,2,0,558807c0
481,Junior Stanislas,eng ENG,MF,Bournemouth,33-165,1989,4,0,61,0.7,0,0,0,0,0,0,0,0,6992791d
482,Jay Stansfield,eng ENG,FW,Fulham,20-167,2002,3,1,87,1.0,0,0,0,0,0,0,0,0,b2626673
483,Jason Steele,eng ENG,GK,Brighton,32-265,1990,10,10,900,10.0,0,1,1,0,0,0,1,0,28300a16
484,Jack Stephens,eng ENG,DF,Southampton,29-103,1994,2,0,46,0.5,0,0,0,0,0,0,0,0,6adbc307
485,Jack Stephens,eng ENG,DF,Bournemouth,29-103,1994,15,13,1173,13.0,0,0,0,0,0,0,3,0,6adbc307
486,Raheem Sterling,eng ENG,FWMF,Chelsea,28-153,1994,25,20,1643,18.3,4,3,7,4,0,0,4,0,b400bde0
487,John Stones,eng ENG,DFMF,Manchester City,28-347,1994,21,20,1729,19.2,2,2,4,2,0,0,2,0,5eecec3d
488,Pascal Struijk,nl NED,DF,Leeds United,23-272,1999,26,24,2058,22.9,2,1,3,2,0,0,4,0,f4d296e4
489,Kamaldeen Sulemana,gh GHA,FWMF,Southampton,21-084,2002,15,9,832,9.2,0,1,1,0,0,0,1,0,a62f8bf1
490,Crysencio Summerville,nl NED,FW,Leeds United,21-192,2001,27,12,1397,15.5,4,2,6,4,0,0,3,0,df04eb4b
491,Sam Surridge,eng ENG,FW,Nott'ham Forest,24-286,1998,19,1,321,3.6,1,0,1,1,0,0,2,0,b017b770
492,Japhet Tanganga,eng ENG,DF,Tottenham,24-040,1999,4,2,146,1.6,0,0,0,0,0,0,0,0,e9971f2d
493,Matt Targett,eng ENG,DF,Newcastle Utd,27-234,1995,15,5,535,5.9,0,0,0,0,0,0,1,0,e514ab62
494,James Tarkowski,eng ENG,DF,Everton,30-172,1992,35,35,3150,35.0,1,1,2,1,0,0,6,0,15ea812b
495,Marcus Tavernier,eng ENG,MFFW,Bournemouth,24-049,1999,23,19,1743,19.4,5,4,9,5,0,0,1,0,5c0da4a4
496,Tetê,br BRA,FW,Leicester City,23-084,2000,12,9,704,7.8,1,0,1,1,0,0,0,0,7120a04d
497,Kenny Tete,nl NED,DF,Fulham,27-213,1995,28,26,2299,25.5,0,5,5,0,0,0,8,0,77d7c96f
498,Luke Thomas,eng ENG,DF,Leicester City,21-334,2001,14,9,869,9.7,0,0,0,0,0,0,2,0,fc027d02
499,Youri Tielemans,be BEL,MF,Leicester City,26-003,1997,28,24,2074,23.0,3,1,4,2,1,2,4,0,56f7a928
500,Kieran Tierney,sct SCO,DF,Arsenal,25-339,1997,24,5,666,7.4,0,1,1,0,0,0,0,0,fce2302c
501,Harry Toffolo,eng ENG,DF,Nott'ham Forest,27-264,1995,17,9,894,9.9,0,0,0,0,0,0,2,0,a105d46a
502,Takehiro Tomiyasu,jp JPN,DF,Arsenal,24-186,1998,21,6,663,7.4,0,1,1,0,0,0,2,0,b3af9be1
503,James Tomkins,eng ENG,DF,Crystal Palace,34-042,1989,6,3,338,3.8,1,0,1,1,0,0,3,1,e7ca0439
504,Ivan Toney,eng ENG,FW,Brentford,27-055,1996,33,33,2951,32.8,20,4,24,14,6,7,9,0,e09f279b
505,Adama Traoré,es ESP,FWMF,Wolves,27-105,1996,31,10,1303,14.5,2,1,3,2,0,0,1,0,9a28eba4
506,Bertrand Traoré,bf BFA,FWMF,Aston Villa,27-246,1995,8,1,233,2.6,2,0,2,2,0,0,1,0,c47541e0
507,Boubacar Traoré,ml MLI,MF,Wolves,21-263,2001,8,4,384,4.3,0,1,1,0,0,0,2,0,999ceb5f
508,Mark Travers,ie IRL,GK,Bournemouth,23-357,1999,11,10,945,10.5,0,0,0,0,0,0,0,0,fe558029
509,Kieran Trippier,eng ENG,DF,Newcastle Utd,32-233,1990,34,34,2982,33.1,1,6,7,1,0,0,5,0,21512407
510,Leandro Trossard,be BEL,FW,Arsenal,28-157,1994,17,8,712,7.9,1,8,9,1,0,0,0,0,38ceb24a
511,Leandro Trossard,be BEL,FWMF,Brighton,28-157,1994,16,16,1315,14.6,7,2,9,7,0,0,1,0,38ceb24a
512,Kostas Tsimikas,gr GRE,DF,Liverpool,26-363,1996,18,8,696,7.7,0,4,4,0,0,0,2,0,f315ca93
513,Deniz Undav,de GER,FWMF,Brighton,26-295,1996,17,4,414,4.6,2,0,2,2,0,0,0,0,dd549382
514,Yan Valery,tn TUN,DF,Southampton,24-077,1999,1,1,45,0.5,0,0,0,0,0,0,0,0,531a4aa8
515,Virgil van Dijk,nl NED,DF,Liverpool,31-306,1991,30,30,2655,29.5,3,1,4,3,0,0,3,0,e06683ca
516,Raphaël Varane,fr FRA,DF,Manchester Utd,30-015,1993,21,19,1651,18.3,0,0,0,0,0,0,1,0,9f8e9423
517,Jamie Vardy,eng ENG,FW,Leicester City,36-119,1987,34,17,1691,18.8,3,4,7,3,0,1,1,0,45963054
518,Joël Veltman,nl NED,DF,Brighton,31-115,1992,28,23,2054,22.8,1,1,2,1,0,0,4,0,dad4b285
519,Fabio Vieira,pt POR,MF,Arsenal,22-345,2000,20,3,477,5.3,1,2,3,1,0,0,0,0,6412cc03
520,Matías Viña,uy URU,DF,Bournemouth,25-182,1997,9,4,339,3.8,2,0,2,2,0,0,1,0,08eb3b58
521,Rúben Vinagre,pt POR,DFMF,Everton,24-031,1999,2,0,26,0.3,0,0,0,0,0,0,0,0,b937e490
522,Carlos Vinícius,br BRA,FW,Fulham,28-046,1995,26,10,1034,11.5,4,2,6,4,0,0,3,0,8b529245
523,Theo Walcott,eng ENG,FWMF,Southampton,34-055,1989,17,10,902,10.0,2,1,3,2,0,0,1,0,1ecb65be
524,Kyle Walker,eng ENG,DF,Manchester City,32-347,1990,23,18,1598,17.8,0,0,0,0,0,0,3,0,86dd77d1
525,Kyle Walker-Peters,eng ENG,DF,Southampton,26-027,1997,28,27,2380,26.4,1,0,1,1,0,0,4,0,984a5a64
526,Aaron Wan-Bissaka,eng ENG,DF,Manchester Utd,25-165,1997,16,13,1165,12.9,0,0,0,0,0,0,2,0,9e525177
527,Danny Ward,wls WAL,GK,Leicester City,29-322,1993,26,26,2340,26.0,0,0,0,0,0,0,0,0,d3ce0e89
528,Joel Ward,eng ENG,DF,Crystal Palace,33-193,1989,25,21,1986,22.1,0,0,0,0,0,0,6,0,8a7ff278
529,James Ward-Prowse,eng ENG,MF,Southampton,28-190,1994,35,35,3105,34.5,8,3,11,6,2,4,5,0,3515d404
530,Ollie Watkins,eng ENG,FW,Aston Villa,27-131,1995,34,33,2862,31.8,14,6,20,13,1,1,3,0,aed3a70f
531,Adam Webster,eng ENG,DF,Brighton,28-126,1995,26,22,1921,21.3,0,0,0,0,0,0,2,0,c40b6180
532,Wout Weghorst,nl NED,FWMF,Manchester Utd,30-276,1992,14,10,727,8.1,0,1,1,0,0,0,1,0,c4e87b8b
533,Danny Welbeck,eng ENG,FW,Brighton,32-165,1990,27,19,1668,18.5,6,3,9,6,0,0,0,0,ce5143da
534,Ben White,eng ENG,DF,Arsenal,25-214,1997,35,33,2785,30.9,2,5,7,2,0,0,5,0,35e413f1
535,Harvey White,eng ENG,MF,Tottenham,21-233,2001,1,0,5,0.1,0,0,0,0,0,0,0,0,4d90ce8c
536,Joseph Whitworth,eng ENG,GK,Crystal Palace,19-070,2004,2,2,180,2.0,0,0,0,0,0,0,0,0,3f847d95
537,Neco Williams,wls WAL,DF,Nott'ham Forest,22-027,2001,31,20,1882,20.9,1,0,1,1,0,0,7,0,dd323728
538,Willian,br BRA,FW,Fulham,34-274,1988,24,22,1869,20.8,5,3,8,5,0,0,2,0,8b9ebd03
539,Joe Willock,eng ENG,MF,Newcastle Utd,23-263,1999,33,29,2413,26.8,3,6,9,3,0,0,1,0,a3b03921
540,Callum Wilson,eng ENG,FW,Newcastle Utd,31-072,1992,27,18,1626,18.1,15,4,19,14,1,1,3,0,c596fcb0
541,Harry Wilson,wls WAL,FW,Fulham,26-049,1997,26,10,879,9.8,2,2,4,2,0,0,1,0,c6dc9ecd
542,Yoane Wissa,cd COD,FW,Brentford,26-249,1996,35,13,1354,15.0,5,2,7,5,0,0,2,0,2500cef9
543,Maximilian Wöber,at AUT,DF,Leeds United,25-095,1998,13,11,1027,11.4,0,0,0,0,0,0,2,0,4b803b3c
544,Chris Wood,nz NZL,FW,Newcastle Utd,31-154,1991,18,4,446,5.0,2,0,2,1,1,1,0,0,4e9a0555
545,Chris Wood,nz NZL,FW,Nott'ham Forest,31-154,1991,7,5,372,4.1,1,0,1,1,0,0,0,0,4e9a0555
546,Joe Worrall,eng ENG,DF,Nott'ham Forest,26-120,1997,27,18,1954,21.7,1,0,1,1,0,0,6,0,a5212312
547,Granit Xhaka,ch SUI,MF,Arsenal,30-225,1992,34,33,2798,31.1,5,7,12,5,0,0,4,0,e61b8aee
548,Ryan Yates,eng ENG,MF,Nott'ham Forest,25-170,1997,23,18,1573,17.5,0,2,2,0,0,0,4,0,c1fe2a48
549,Ashley Young,eng ENG,DF,Aston Villa,37-305,1985,27,22,1908,21.2,1,0,1,1,0,0,5,0,be927d03
550,Illia Zabarnyi,ua UKR,DF,Bournemouth,20-251,2002,2,0,29,0.3,0,0,0,0,0,0,0,0,88968486
551,Wilfried Zaha,ci CIV,FWMF,Crystal Palace,30-181,1992,26,26,2238,24.9,7,2,9,7,0,2,5,0,b2bc3b1f
552,Denis Zakaria,ch SUI,MF,Chelsea,26-171,1996,7,5,411,4.6,0,0,0,0,0,0,0,0,384d58d9
553,Jordan Zemura,zw ZIM,DF,Bournemouth,23-177,1999,19,17,1454,16.2,0,1,1,0,0,0,1,0,e8271ad9
554,Oleksandr Zinchenko,ua UKR,DF,Arsenal,26-146,1996,27,26,2118,23.5,1,2,3,1,0,0,3,0,51cf8561
555,Hakim Ziyech,ma MAR,FWMF,Chelsea,30-052,1993,16,6,634,7.0,0,2,2,0,0,0,1,0,6622454d
556,Kurt Zouma,fr FRA,DF,West Ham,28-195,1994,24,23,1944,21.6,2,0,2,2,0,0,0,0,ce4246f5
557,Martin Ødegaard,no NOR,MF,Arsenal,24-144,1998,34,34,2887,32.1,15,7,22,15,0,0,4,0,79300479