Rk,Player,Nation,Pos,Squad,Age,Born,90s,SCA,SCA90,PassLive,PassDead,TO,Sh,Fld,Def,-9999
1,Brenden Aaronson,us USA,MFFW,Leeds United,22-200,2000,25.6,94,3.67,56,17,7,5,8,1,5bc43860
2,Che Adams,sct SCO,FW,Southampton,26-301,1996,22.1,57,2.57,44,1,2,5,5,0,f2bf1b0f
3,Tyler Adams,us USA,MF,Leeds United,24-085,1999,24.0,43,1.79,42,0,0,0,1,0,2b09d998
4,Tosin Adarabioyo,eng ENG,DF,Fulham,25-228,1997,20.2,17,0.84,14,0,0,3,0,0,c81d773d
5,Nayef Aguerd,ma MAR,DF,West Ham,27-041,1996,15.7,12,0.76,10,1,0,1,0,0,288e1e13
6,Naouirou Ahamada,fr FRA,MFFW,Crystal Palace,21-042,2002,1.0,2,1.94,1,0,0,1,0,0,a6c58494
7,Rayan Aït Nouri,dz ALG,DF,Wolves,21-338,2001,11.5,23,2.01,14,2,4,1,2,0,9b398aea
8,Kristoffer Ajer,no NOR,DF,Brentford,25-023,1998,8.5,4,0.47,4,0,0,0,0,0,a8c0acb7
9,Manuel Akanji,ch SUI,DF,Manchester City,27-295,1995,23.8,23,0.97,22,0,0,1,0,0,89ac64a6
10,Nathan Aké,nl NED,DF,Manchester City,28-081,1995,20.1,22,1.09,18,1,0,2,0,1,eaeca114
11,Marc Albrighton,eng ENG,FWMF,Leicester City,33-173,1989,2.6,7,2.66,5,2,0,0,0,0,b827d5b3
12,Thiago Alcántara,es ESP,MF,Liverpool,32-029,1991,13.9,41,2.94,33,0,3,1,1,3,77e84962
13,Carlos Alcaraz,ar ARG,MFFW,Southampton,20-161,2002,8.9,18,2.03,10,0,2,3,2,1,4abac767
14,Trent Alexander-Arnold,eng ENG,DF,Liverpool,24-215,1998,29.5,109,3.70,70,31,2,5,1,0,cd1acf9d
15,Alisson,br BRA,GK,Liverpool,30-220,1992,35.0,3,0.09,3,0,0,0,0,0,7a2e46a8
16,Dele Alli,eng ENG,MF,Everton,27-029,1996,0.4,0,0.00,0,0,0,0,0,0,cea4ee8f
17,Miguel Almirón,py PAR,FW,Newcastle Utd,29-089,1994,23.9,72,3.01,53,2,7,7,3,0,862a1c15
18,Julián Álvarez,ar ARG,FWMF,Manchester City,23-099,2000,12.9,43,3.34,32,0,5,4,2,0,15ab5a2b
19,Daniel Amartey,gh GHA,DF,Leicester City,28-140,1994,17.9,15,0.84,15,0,0,0,0,0,1a4ef233
20,Joachim Andersen,dk DEN,DF,Crystal Palace,26-344,1996,27.9,18,0.64,15,2,0,0,1,0,e34fc66d
21,Elliot Anderson,sct SCO,MFFW,Newcastle Utd,20-185,2002,2.5,14,5.60,8,0,2,0,4,0,de31038e
22,Jaidon Anthony,eng ENG,MFFW,Bournemouth,23-160,1999,12.7,37,2.92,27,3,4,1,1,1,e4238fb1
23,Michail Antonio,jm JAM,FW,West Ham,33-043,1990,19.6,38,1.93,23,0,6,4,5,0,ac05f970
24,Antony,br BRA,FW,Manchester Utd,23-075,2000,17.8,65,3.66,54,0,4,3,3,1,99127249
25,Cameron Archer,eng ENG,FWMF,Aston Villa,21-293,2001,0.5,0,0.00,0,0,0,0,0,0,05e8ca6d
26,Alphonse Areola,fr FRA,GK,West Ham,30-072,1993,3.4,0,0.00,0,0,0,0,0,0,2f965a72
27,Joe Aribo,ng NGA,MFFW,Southampton,26-293,1996,12.8,26,2.03,22,0,1,1,1,1,328f7d51
28,Adam Armstrong,eng ENG,FWMF,Southampton,26-089,1997,14.4,23,1.59,19,0,2,1,1,0,68c720b5
29,Stuart Armstrong,sct SCO,MFFW,Southampton,31-041,1992,14.3,48,3.35,38,0,0,6,4,0,97333cf5
30,Kepa Arrizabalaga,es ESP,GK,Chelsea,28-219,1994,25.5,1,0.04,1,0,0,0,0,0,28d596a0
31,Pierre-Emerick Aubameyang,ga GAB,FW,Chelsea,33-326,1989,6.2,8,1.30,6,0,0,2,0,0,d5dd5f1f
32,Ludwig Augustinsson,se SWE,DF,Aston Villa,29-019,1994,0.9,0,0.00,0,0,0,0,0,0,9fec8860
33,Serge Aurier,ci CIV,DF,Nott'ham Forest,30-137,1992,18.6,24,1.29,19,2,0,0,2,1,5c2b4f07
34,Taiwo Awoniyi,ng NGA,FW,Nott'ham Forest,25-271,1997,12.9,23,1.79,17,0,1,2,2,1,e5478b87
35,Yasin Ayari,se SWE,MF,Brighton,19-216,2003,0.2,4,16.36,3,0,0,0,1,0,f173303a
36,André Ayew,gh GHA,FWMF,Nott'ham Forest,33-144,1989,3.5,3,0.86,2,1,0,0,0,0,5dbefa9d
37,Jordan Ayew,gh GHA,FWMF,Crystal Palace,31-241,1991,27.2,72,2.65,49,0,8,6,6,3,da052c14
38,Luke Ayling,eng ENG,DF,Leeds United,31-258,1991,19.8,35,1.77,29,0,0,2,2,2,420d7c7d
39,César Azpilicueta,es ESP,DF,Chelsea,33-255,1989,14.0,19,1.36,19,0,0,0,0,0,53cad200
40,Benoît Badiashile,fr FRA,DF,Chelsea,22-045,2001,9.1,12,1.33,11,0,0,0,0,1,06df8256
41,Leon Bailey,jm JAM,FWMF,Aston Villa,25-274,1997,19.8,54,2.73,35,2,8,6,3,0,3a233281
42,Stefan Bajcetic,es ESP,MF,Liverpool,18-200,2004,5.8,13,2.22,8,1,2,0,2,0,32e8417f
43,Patrick Bamford,eng ENG,FW,Leeds United,29-247,1993,15.5,24,1.55,15,0,1,4,3,1,93feac6e
44,Shandon Baptiste,gd GRN,MF,Brentford,25-032,1998,6.4,16,2.51,9,1,2,2,2,0,2886c9b5
45,Harvey Barnes,eng ENG,FWMF,Leicester City,25-152,1997,28.1,57,2.03,39,0,3,8,6,1,3ea50f67
46,Gavin Bazunu,ie IRL,GK,Southampton,21-079,2002,32.0,7,0.22,5,2,0,0,0,0,c91441dc
47,Mads Bech Sørensen,dk DEN,DFMF,Brentford,24-123,1999,0.2,1,4.29,1,0,0,0,0,0,30db8574
48,Jan Bednarek,pl POL,DF,Southampton,27-028,1996,15.6,7,0.45,5,1,0,1,0,0,4115ce4e
49,Jan Bednarek,pl POL,DF,Aston Villa,27-028,1996,1.1,0,0.00,0,0,0,0,0,0,4115ce4e
50,Donny van de Beek,nl NED,MF,Manchester Utd,26-022,1997,1.9,6,3.23,6,0,0,0,0,0,50dc94ce
51,Asmir Begović,ba BIH,GK,Everton,35-324,1987,1.0,0,0.00,0,0,0,0,0,0,7b4de647
52,Armel Bella Kotchap,de GER,DF,Southampton,21-150,2001,20.9,14,0.67,7,0,1,3,2,1,a39d11bc
53,Saïd Benrahma,dz ALG,FWMF,West Ham,27-273,1995,22.0,90,4.10,66,2,11,8,3,0,5a04fd92
54,Rodrigo Bentancur,uy URU,MF,Tottenham,25-319,1997,16.7,34,2.04,27,0,1,2,1,3,3b8674e6
55,Victor Bernth Kristiansen,dk DEN,DF,Leicester City,20-145,2002,9.9,14,1.41,9,4,0,1,0,0,505486d6
56,Owen Bevan,wls WAL,DF,Bournemouth,19-196,2003,0.1,0,0.00,0,0,0,0,0,0,87966294
57,Giulian Biancone,fr FRA,DF,Nott'ham Forest,23-040,2000,0.2,1,5.29,1,0,0,0,0,0,de40e38c
58,Philip Billing,dk DEN,MFFW,Bournemouth,26-333,1996,29.1,52,1.79,40,1,5,5,1,0,d328a254
59,Yves Bissouma,ml MLI,MF,Tottenham,26-253,1996,9.0,25,2.76,20,0,1,1,1,2,6c203af0
60,Willy Boly,ci CIV,DF,Nott'ham Forest,32-096,1991,6.7,5,0.75,5,0,0,0,0,0,a4ac4b8f
61,Sven Botman,nl NED,DF,Newcastle Utd,23-118,2000,30.7,20,0.65,15,1,0,4,0,0,ccce7025
62,Jarrod Bowen,eng ENG,FWMF,West Ham,26-141,1996,34.6,101,2.92,54,13,10,12,10,2,79c84d1c
63,James Bree,eng ENG,DF,Southampton,25-211,1997,2.2,6,2.69,6,0,0,0,0,0,c07b7c5c
64,Armando Broja,al ALB,FW,Chelsea,21-242,2001,3.3,4,1.22,2,0,0,0,2,0,97220da2
65,David Brooks,wls WAL,FWDF,Bournemouth,25-306,1997,0.4,0,0.00,0,0,0,0,0,0,dc4cae05
66,Lewis Brunt,eng ENG,DF,Leicester City,22-185,2000,0.3,0,0.00,0,0,0,0,0,0,a2081c6b
67,Bryan,es ESP,MFFW,Tottenham,22-088,2001,1.6,5,3.04,4,0,1,0,0,0,7b5ab7f2
68,Emi Buendía,ar ARG,MFFW,Aston Villa,26-136,1996,25.5,86,3.37,68,2,8,3,4,1,66b76d44
69,Hugo Bueno,es ESP,DF,Wolves,20-234,2002,13.7,28,2.04,21,6,0,1,0,0,bfc3b3a0
70,Facundo Buonanotte,ar ARG,FWMF,Brighton,18-138,2004,3.2,9,2.83,9,0,0,0,0,0,468a7a91
71,Dan Burn,eng ENG,DF,Newcastle Utd,31-001,1992,31.4,32,1.02,29,1,0,2,0,0,b2d31e83
72,Cafú,pt POR,MF,Nott'ham Forest,30-073,1993,0.1,0,0.00,0,0,0,0,0,0,85322440
73,Moisés Caicedo,ec ECU,MF,Brighton,21-189,2001,30.4,82,2.70,75,0,2,3,1,1,16264a81
74,Tom Cairney,sct SCO,MF,Fulham,32-110,1991,8.5,36,4.26,30,2,1,2,0,1,a8748947
75,Duje Ćaleta-Car,hr CRO,DF,Southampton,26-235,1996,10.5,6,0.57,6,0,0,0,0,0,94f8d10c
76,Dominic Calvert-Lewin,eng ENG,FW,Everton,26-055,1997,12.0,23,1.92,16,0,5,1,1,0,59e6e5bf
77,Chem Campbell,wls WAL,FWMF,Wolves,20-131,2002,0.8,2,2.43,1,0,1,0,0,0,6f711f67
78,João Cancelo,pt POR,DF,Manchester City,28-348,1994,14.2,39,2.76,30,0,2,5,1,1,bd6351cd
79,Thomas Cannon,ie IRL,FW,Everton,20-133,2002,0.3,0,0.00,0,0,0,0,0,0,4506aec5
80,Sergi Canós,es ESP,FWDF,Brentford,26-097,1997,0.9,3,3.51,2,0,0,0,1,0,1137759d
81,Diego Carlos,br BRA,DF,Aston Villa,30-056,1993,2.3,3,1.32,2,0,0,1,0,0,b4a014b1
82,Fabio Carvalho,pt POR,MFFW,Liverpool,20-253,2002,3.8,9,2.38,5,0,0,2,2,0,966e28d0
83,Casemiro,br BRA,MF,Manchester Utd,31-076,1992,19.9,54,2.72,49,0,0,4,1,0,4d224fe8
84,Matty Cash,pl POL,DF,Aston Villa,25-276,1997,18.2,28,1.54,25,0,1,0,1,1,2389cdc2
85,Timothy Castagne,be BEL,DF,Leicester City,27-156,1995,33.2,51,1.54,44,2,1,2,1,1,197640fd
86,Jonny Castro,es ESP,DF,Wolves,29-068,1994,14.0,24,1.71,20,0,0,0,3,1,e28868f3
87,Julio César Enciso,py PAR,FWMF,Brighton,19-107,2004,5.9,34,5.77,19,0,9,5,1,0,9cfbad36
88,Nathaniel Chalobah,eng ENG,MF,Fulham,28-149,1994,0.1,0,0.00,0,0,0,0,0,0,422862ea
89,Trevoh Chalobah,eng ENG,DF,Chelsea,23-309,1999,14.4,9,0.63,6,0,0,2,1,0,5515376c
90,Calum Chambers,eng ENG,DFMF,Aston Villa,28-110,1995,3.9,6,1.53,5,0,0,0,0,1,dc6f5bdd
91,Ben Chilwell,eng ENG,DFMF,Chelsea,26-140,1996,15.6,39,2.49,19,17,0,1,2,0,d2424d1b
92,Ryan Christie,sct SCO,MFFW,Bournemouth,28-077,1995,18.3,61,3.34,45,4,4,5,3,0,26ce2263
93,Carney Chukwuemeka,eng ENG,MFFW,Chelsea,19-202,2003,2.6,7,2.72,5,0,0,1,0,1,b2f9c73e
94,Bobby Clark,eng ENG,MF,Liverpool,18-092,2005,0.1,0,0.00,0,0,0,0,0,0,73341ace
95,Nathaniel Clyne,eng ENG,DF,Crystal Palace,32-035,1991,18.2,18,0.99,16,1,0,0,1,0,0442183b
96,Conor Coady,eng ENG,DF,Everton,30-074,1993,21.9,17,0.78,15,0,0,1,1,0,2928dca2
97,Jack Colback,eng ENG,MF,Nott'ham Forest,33-198,1989,5.5,3,0.54,3,0,0,0,0,0,963a9201
98,Séamus Coleman,ie IRL,DF,Everton,34-211,1988,18.4,21,1.14,15,1,1,1,3,0,0420d84f
99,Nathan Collins,ie IRL,DF,Wolves,22-010,2001,18.2,11,0.61,8,0,1,0,2,0,a8c19eb8
100,Levi Colwill,eng ENG,DF,Brighton,20-073,2003,9.6,9,0.94,7,1,0,1,0,0,700783e7
101,Lewis Cook,eng ENG,MF,Bournemouth,26-096,1997,18.0,37,2.06,25,8,0,0,1,3,2afc7272
102,Steve Cook,eng ENG,DF,Nott'ham Forest,32-021,1991,10.6,6,0.56,6,0,0,0,0,0,3e5e4e63
103,Liam Cooper,sct SCO,DF,Leeds United,31-253,1991,14.8,16,1.08,13,1,0,2,0,0,dc64b8b3
104,Maxwel Cornet,ci CIV,FW,West Ham,26-225,1996,1.9,6,3.27,4,0,1,0,0,1,beb391dd
105,Diego Costa,es ESP,FW,Wolves,34-215,1988,12.7,22,1.73,14,0,3,3,2,0,a190d597
106,Vladimír Coufal,cz CZE,DF,West Ham,30-261,1992,21.7,45,2.07,30,13,0,1,1,0,fdf3cb77
107,Philippe Coutinho,br BRA,MFFW,Aston Villa,30-332,1992,8.8,24,2.74,19,1,3,1,0,0,0ef89a37
108,Conor Coventry,ie IRL,MFFW,West Ham,23-046,2000,0.0,0,0.00,0,0,0,0,0,0,a5ca9127
109,Aaron Cresswell,eng ENG,DF,West Ham,33-146,1989,24.1,72,2.99,42,27,0,2,1,0,4f974391
110,Marc Cucurella,es ESP,DF,Chelsea,24-292,1998,18.6,27,1.46,21,6,0,0,0,0,1daec722
111,Matheus Cunha,br BRA,FW,Wolves,23-348,1999,10.0,20,2.00,15,1,1,1,2,0,dc62b55d
112,Patson Daka,zm ZAM,FW,Leicester City,24-213,1998,12.5,28,2.23,19,1,1,5,2,0,ca45605e
113,Diogo Dalot,pt POR,DF,Manchester Utd,24-053,1999,22.9,50,2.18,46,0,1,2,0,1,d9565625
114,Mikkel Damsgaard,dk DEN,MFFW,Brentford,22-311,2000,8.9,21,2.37,17,3,0,0,1,0,215f3907
115,Danilo,br BRA,MF,Nott'ham Forest,22-011,2001,9.1,20,2.21,15,1,3,0,1,0,a816dbfb
116,Arnaut Danjuma,nl NED,FWMF,Tottenham,26-099,1997,1.0,2,1.91,2,0,0,0,0,0,f08490a6
117,Josh Dasilva,eng ENG,MF,Brentford,24-199,1998,15.0,41,2.73,35,1,3,1,1,0,60344e4f
118,Ben Davies,wls WAL,DF,Tottenham,30-016,1993,22.5,32,1.42,29,0,0,3,0,0,44781702
119,Tom Davies,eng ENG,MF,Everton,24-314,1998,6.0,6,1.00,5,0,0,1,0,0,9228b07c
120,Craig Dawson,eng ENG,DF,West Ham,33-004,1990,8.0,12,1.50,10,0,0,1,1,0,3e9e06cb
121,Craig Dawson,eng ENG,DF,Wolves,33-004,1990,13.7,6,0.44,6,0,0,0,0,0,3e9e06cb
122,Kevin De Bruyne,be BEL,MF,Manchester City,31-316,1991,26.1,174,6.67,118,33,8,7,5,3,e46012d4
123,Siriki Dembélé,ci CIV,FWMF,Bournemouth,26-245,1996,1.2,5,4.09,5,0,0,0,0,0,11f54bd5
124,Leander Dendoncker,be BEL,MF,Aston Villa,28-025,1995,7.7,8,1.04,6,0,0,1,0,1,5a7301ae
125,Leander Dendoncker,be BEL,MF,Wolves,28-025,1995,2.4,4,1.68,3,0,0,0,0,1,5a7301ae
126,Emmanuel Dennis,ng NGA,FWMF,Nott'ham Forest,25-176,1997,7.8,25,3.21,14,1,2,2,6,0,2c44a35d
127,Halil Dervişoğlu,tr TUR,MF,Brentford,23-153,1999,0.1,1,11.25,0,0,0,1,0,0,9d8cf204
128,Kiernan Dewsbury-Hall,eng ENG,MF,Leicester City,24-246,1998,24.8,72,2.90,56,0,7,2,5,2,5c74c0f5
129,Ibrahima Diallo,fr FRA,MF,Southampton,24-063,1999,9.1,10,1.10,8,0,1,0,0,1,11ff3d56
130,Rúben Dias,pt POR,DF,Manchester City,25-361,1997,21.2,14,0.66,10,1,0,3,0,0,31c69ef1
131,Luis Díaz,co COL,FW,Liverpool,26-117,1997,9.1,31,3.41,22,0,5,2,2,0,4a1a9578
132,Eric Dier,eng ENG,DF,Tottenham,29-115,1994,31.3,29,0.93,24,1,0,4,0,0,ac861941
133,Lucas Digne,fr FRA,DF,Aston Villa,29-294,1993,15.1,27,1.79,23,3,0,0,1,0,1b84dbe1
134,Issa Diop,fr FRA,DF,Fulham,26-121,1997,19.4,8,0.41,8,0,0,0,0,0,a712ca2b
135,Moussa Djenepo,ml MLI,DFFW,Southampton,24-329,1998,7.7,16,2.08,11,0,2,1,2,0,254147d4
136,Ben Doak,sct SCO,FW,Liverpool,17-180,2005,0.3,0,0.00,0,0,0,0,0,0,733f1a7d
137,Matt Doherty,ie IRL,DFMF,Tottenham,31-114,1992,7.4,18,2.43,13,0,2,2,1,0,d557d734
138,Gabriel Dos Santos,br BRA,DF,Arsenal,25-142,1997,34.9,23,0.66,20,0,0,2,0,1,67ac5bb8
139,Abdoulaye Doucouré,ml MLI,MF,Everton,30-129,1993,14.0,40,2.86,33,0,3,2,0,2,02b29014
140,Cheick Doucouré,ml MLI,MF,Crystal Palace,23-122,2000,28.1,57,2.03,44,0,2,5,2,4,ce4f40c7
141,Flynn Downes,eng ENG,MF,West Ham,24-110,1999,6.5,10,1.53,5,0,0,3,2,0,69fdb896
142,Cody Drameh,eng ENG,DF,Leeds United,21-153,2001,0.8,1,1.30,1,0,0,0,0,0,e0d1510a
143,Martin Dúbravka,sk SVK,GK,Newcastle Utd,34-115,1989,0.7,0,0.00,0,0,0,0,0,0,3a949a25
144,Shane Duffy,ie IRL,DFFW,Fulham,31-129,1992,0.2,0,0.00,0,0,0,0,0,0,7314bba4
145,Lewis Dunk,eng ENG,DF,Brighton,31-170,1991,33.0,29,0.88,28,0,0,1,0,0,282f75f3
146,Jhon Durán,co COL,FWMF,Aston Villa,19-148,2003,1.2,5,4.13,3,0,0,1,0,1,414184f7
147,Malcolm Ebiowei,eng ENG,MFFW,Crystal Palace,19-248,2003,0.4,1,2.65,1,0,0,0,0,0,fa9fa773
148,Ederson,br BRA,GK,Manchester City,29-266,1993,33.0,2,0.06,2,0,0,0,0,0,3bb7b8b4
149,Odsonne Édouard,fr FRA,FW,Crystal Palace,25-114,1998,18.0,41,2.28,30,0,1,9,1,0,0562b7f1
150,Samuel Edozie,eng ENG,FWMF,Southampton,20-102,2003,6.3,20,3.18,13,0,3,0,4,0,007414dd
151,Anthony Elanga,se SWE,FW,Manchester Utd,21-013,2002,4.7,17,3.59,13,0,0,3,1,0,2fba6108
152,Harvey Elliott,eng ENG,MFFW,Liverpool,20-036,2003,17.4,66,3.80,53,1,5,5,1,1,c8387671
153,Mohamed Elneny,eg EGY,MF,Arsenal,30-303,1992,1.3,0,0.00,0,0,0,0,0,0,47a34c4f
154,Mohamed Elyounoussi,no NOR,MFFW,Southampton,28-279,1994,22.4,40,1.78,34,0,1,2,2,1,68dc0dac
155,Emerson,br BRA,DF,Tottenham,24-116,1999,16.5,33,2.01,31,0,0,0,1,1,df8b52a5
156,Christian Eriksen,dk DEN,MF,Manchester Utd,31-085,1992,19.9,61,3.07,43,14,1,3,0,0,980522ec
157,Pervis Estupiñán,ec ECU,DF,Brighton,25-109,1998,25.2,75,2.97,69,2,2,0,2,0,d38fdf53
158,Jonny Evans,nir NIR,DF,Leicester City,35-127,1988,9.0,4,0.44,4,0,0,0,0,0,f8fcd2a5
159,Eberechi Eze,eng ENG,MFFW,Crystal Palace,24-315,1998,26.3,105,3.99,61,20,9,4,9,2,ae4fc6a4
160,Łukasz Fabiański,pl POL,GK,West Ham,38-022,1985,31.6,2,0.06,0,2,0,0,0,0,9328b835
161,Fabinho,br BRA,MF,Liverpool,29-199,1993,27.2,50,1.84,45,0,0,1,2,2,7f3b388c
162,Wout Faes,be BEL,DF,Leicester City,25-037,1998,28.0,22,0.79,16,0,1,3,0,2,9c221d14
163,Felipe,br BRA,DF,Nott'ham Forest,33-359,1989,13.9,12,0.86,9,0,0,2,1,0,51a3c4c8
164,João Félix,pt POR,FWMF,Chelsea,23-181,1999,9.0,27,3.00,13,2,5,3,4,0,8aafd64f
165,Evan Ferguson,ie IRL,FW,Brighton,18-203,2004,7.2,18,2.51,13,0,1,4,0,0,4596da74
166,Bruno Fernandes,pt POR,MFFW,Manchester Utd,28-244,1994,33.0,185,5.61,140,23,6,9,7,0,507c7bdf
167,Enzo Fernández,ar ARG,MF,Chelsea,22-113,2001,13.2,39,2.96,33,3,0,2,1,0,5ff4ab71
168,Roberto Firmino,br BRA,FWMF,Liverpool,31-220,1991,12.6,42,3.32,32,0,4,6,0,0,4c370d81
169,Junior Firpo,es ESP,DF,Leeds United,26-261,1996,13.9,20,1.44,15,2,0,0,2,1,24f59bb2
170,Phil Foden,eng ENG,FW,Manchester City,22-347,2000,16.9,81,4.79,62,9,4,4,2,0,ed1e53f3
171,Datro Fofana,ci CIV,FW,Chelsea,20-139,2002,0.7,5,7.38,1,0,4,0,0,0,e82900ef
172,Wesley Fofana,fr FRA,DF,Leicester City,22-144,2000,2.0,2,1.00,1,0,0,0,0,1,132a82f1
173,Wesley Fofana,fr FRA,DF,Chelsea,22-144,2000,10.6,10,0.94,10,0,0,0,0,0,132a82f1
174,Pablo Fornals,es ESP,FWMF,West Ham,27-077,1996,14.1,44,3.13,37,2,1,3,0,1,82927de4
175,Adam Forshaw,eng ENG,MF,Leeds United,31-214,1991,3.1,5,1.58,4,1,0,0,0,0,9f1938ab
176,Fraser Forster,eng ENG,GK,Tottenham,35-054,1988,10.5,0,0.00,0,0,0,0,0,0,c3e39f12
177,Tyrese Francois,au AUS,FW,Fulham,22-298,2000,0.0,0,0.00,0,0,0,0,0,0,6722d4f0
178,Ryan Fraser,sct SCO,FW,Newcastle Utd,29-075,1994,3.5,8,2.30,6,1,0,1,0,0,d56543a0
179,Fred,br BRA,MF,Manchester Utd,30-066,1993,12.8,47,3.69,39,0,0,4,2,2,b853e0ad
180,Ryan Fredericks,eng ENG,DF,Bournemouth,30-212,1992,5.9,5,0.84,4,0,1,0,0,0,c067631c
181,Remo Freuler,ch SUI,MF,Nott'ham Forest,31-025,1992,24.0,29,1.21,27,1,0,1,0,0,98d2c2c4
182,Cody Gakpo,nl NED,FW,Liverpool,24-003,1999,13.8,41,2.97,29,0,3,4,3,2,1971591f
183,Conor Gallagher,eng ENG,MFFW,Chelsea,23-093,2000,14.6,41,2.81,29,4,3,2,2,1,c2731c10
184,Idrissa Gana Gueye,sn SEN,MF,Everton,33-226,1989,26.1,45,1.72,30,0,1,2,7,5,72c812f3
185,Alejandro Garnacho,es ESP,FWMF,Manchester Utd,18-313,2004,5.0,14,2.78,10,0,2,1,1,0,7aa8adfe
186,James Garner,eng ENG,MF,Everton,22-058,2001,6.1,12,1.97,7,2,1,1,1,0,4e015693
187,David de Gea,es ESP,GK,Manchester Utd,32-184,1990,34.0,4,0.12,2,2,0,0,0,0,7ba6d84e
188,Joe Gelhardt,eng ENG,FW,Leeds United,21-006,2002,2.4,4,1.70,4,0,0,0,0,0,01962d0d
189,Saman Ghoddos,ir IRN,MFDF,Brentford,29-246,1993,1.5,3,2.03,0,2,0,1,0,0,f7b1d4e0
190,Morgan Gibbs-White,eng ENG,FWMF,Wolves,23-103,2000,2.0,4,2.00,2,1,1,0,0,0,32f60ed8
191,Morgan Gibbs-White,eng ENG,MFFW,Nott'ham Forest,23-103,2000,30.0,112,3.73,70,24,8,5,2,3,32f60ed8
192,Billy Gilmour,sct SCO,MF,Brighton,21-333,2001,3.8,11,2.91,11,0,0,0,0,0,df10e27c
193,Degnand Gnonto,it ITA,FWMF,Leeds United,19-186,2003,14.1,46,3.27,27,3,4,4,7,1,75fdd638
194,Ben Godfrey,eng ENG,DF,Everton,25-115,1998,8.9,4,0.45,4,0,0,0,0,0,9f7c837d
195,João Gomes,br BRA,MF,Wolves,22-087,2001,5.3,13,2.44,9,0,1,1,2,0,8b57ad2c
196,Toti Gomes,pt POR,DF,Wolves,24-114,1999,9.0,7,0.78,7,0,0,0,0,0,f0caab96
197,Joe Gomez,eng ENG,DF,Liverpool,25-352,1997,15.3,17,1.11,14,1,0,1,0,1,7a11550b
198,Sergio Gómez,es ESP,DFMF,Manchester City,22-248,2000,1.9,3,1.55,2,1,0,0,0,0,01e5f06e
199,Anthony Gordon,eng ENG,FWMF,Newcastle Utd,22-075,2001,4.4,13,2.95,8,1,1,1,1,1,2bd83368
200,Anthony Gordon,eng ENG,FW,Everton,22-075,2001,12.2,23,1.89,13,0,1,6,1,2,2bd83368
201,Demarai Gray,eng ENG,FWMF,Everton,26-316,1996,26.2,87,3.32,40,24,3,11,8,1,4468ec10
202,Jack Grealish,eng ENG,FW,Manchester City,27-242,1995,22.7,104,4.58,71,7,6,6,13,1,b0b4fd3e
203,Sam Greenwood,eng ENG,MFFW,Leeds United,21-104,2002,4.1,21,5.09,4,16,0,1,0,0,f3354c07
204,Pascal Groß,de GER,MFDF,Brighton,31-329,1991,31.2,127,4.07,83,36,1,5,1,1,8aec0537
205,Vicente Guaita,es ESP,GK,Crystal Palace,36-120,1987,27.0,1,0.04,1,0,0,0,0,0,ab13a5aa
206,Gonçalo Guedes,pt POR,FWMF,Wolves,26-162,1996,7.9,27,3.44,15,3,1,2,5,1,e6bc67d7
207,Marc Guéhi,eng ENG,DF,Crystal Palace,22-301,2000,34.0,22,0.65,18,1,0,2,1,0,d0706b27
208,Bruno Guimarães,br BRA,MF,Newcastle Utd,25-175,1997,26.3,87,3.31,71,1,2,1,10,2,82518f62
209,İlkay Gündoğan,de GER,MF,Manchester City,32-198,1990,24.3,87,3.58,68,7,2,4,4,2,819b3158
210,Darko Gyabi,eng ENG,FW,Leeds United,19-081,2004,0.1,0,0.00,0,0,0,0,0,0,56d838f7
211,Erling Haaland,no NOR,FW,Manchester City,22-293,2000,28.7,69,2.40,46,0,5,10,7,1,1f44ac21
212,Lewis Hall,eng ENG,DFMF,Chelsea,18-244,2004,3.4,12,3.55,7,2,0,1,2,0,da011f18
213,Luke Harris,wls WAL,MFFW,Fulham,18-037,2005,0.1,0,0.00,0,0,0,0,0,0,8c3078cd
214,Jack Harrison,eng ENG,FWMF,Leeds United,26-171,1996,27.7,110,3.96,64,27,7,5,5,2,aa849a12
215,Kai Havertz,de GER,FWMF,Chelsea,23-333,1999,26.1,58,2.23,50,2,1,4,1,0,fed7cb61
216,Jan Paul van Hecke,nl NED,DF,Brighton,22-336,2000,1.0,0,0.00,0,0,0,0,0,0,4fd08daa
217,Hwang Hee-chan,kr KOR,FWMF,Wolves,27-104,1996,10.5,24,2.28,20,0,2,1,1,0,169fd162
218,Dean Henderson,eng ENG,GK,Nott'ham Forest,26-059,1997,18.0,3,0.17,3,0,0,0,0,0,e5a76dfe
219,Jordan Henderson,eng ENG,MF,Liverpool,32-327,1990,21.1,62,2.94,56,1,0,3,0,2,935e6b8f
220,Wayne Hennessey,wls WAL,GK,Nott'ham Forest,36-106,1987,2.0,0,0.00,0,0,0,0,0,0,76eca7e2
221,Rico Henry,eng ENG,DF,Brentford,25-306,1997,33.0,42,1.27,37,1,0,1,2,1,8a3c1dc7
222,Son Heung-min,kr KOR,MFFW,Tottenham,30-306,1992,29.3,110,3.76,65,26,6,9,4,0,92e7e919
223,Aaron Hickey,sct SCO,DF,Brentford,20-334,2002,18.6,17,0.91,11,1,1,2,2,0,1780bb4a
224,Joseph Hodge,ie IRL,MF,Wolves,20-238,2002,1.9,2,1.07,2,0,0,0,0,0,bd8a5d95
225,Rob Holding,eng ENG,DF,Arsenal,27-232,1995,6.3,6,0.95,4,0,1,1,0,0,d79a8c87
226,Mason Holgate,eng ENG,DF,Everton,26-200,1996,4.9,9,1.82,7,1,0,1,0,0,d0042ab9
227,Will Hughes,eng ENG,MF,Crystal Palace,28-023,1995,6.5,12,1.84,9,2,0,1,0,0,a0666d3e
228,Omari Hutchinson,eng ENG,FW,Chelsea,19-192,2003,0.3,1,3.91,1,0,0,0,0,0,bd9553e6
229,Pierre Højbjerg,dk DEN,MF,Tottenham,27-278,1995,33.8,96,2.84,89,0,2,2,1,2,8b04d6c1
230,Kelechi Iheanacho,ng NGA,FWMF,Leicester City,26-219,1996,11.2,40,3.58,28,1,4,5,2,0,c92e1a31
231,Danny Ings,eng ENG,FW,West Ham,30-291,1992,6.4,5,0.78,4,0,1,0,0,0,07802f7f
232,Danny Ings,eng ENG,FW,Aston Villa,30-291,1992,9.2,16,1.75,12,0,2,2,0,0,07802f7f
233,Alexander Isak,se SWE,FW,Newcastle Utd,23-231,1999,13.0,38,2.93,21,0,5,9,2,1,8e92be30
234,Daniel Iversen,dk DEN,GK,Leicester City,25-295,1997,9.0,1,0.11,1,0,0,0,0,0,10d221cd
235,Alex Iwobi,ng NGA,MFFW,Everton,27-007,1996,34.5,113,3.27,85,8,8,7,3,2,6ca5ec4b
236,Daniel James,wls WAL,FW,Leeds United,25-181,1997,2.2,4,1.82,3,0,0,0,1,0,c931d9f9
237,Daniel James,wls WAL,FW,Fulham,25-181,1997,6.8,11,1.62,10,0,0,0,1,0,c931d9f9
238,Reece James,eng ENG,DFMF,Chelsea,23-153,1999,13.8,47,3.40,36,5,3,2,1,0,1265a93a
239,Vitaly Janelt,de GER,MFDF,Brentford,25-000,1998,21.5,42,1.95,35,1,2,2,0,2,8449d35e
240,Pontus Jansson,se SWE,DF,Brentford,32-086,1991,8.0,2,0.25,1,0,0,1,0,0,172e52d8
241,Mathias Jensen,dk DEN,MF,Brentford,27-129,1996,29.6,95,3.21,45,42,1,3,3,1,0f134faf
242,Gabriel Jesus,br BRA,FW,Arsenal,26-037,1997,20.1,77,3.83,37,1,12,11,13,3,b66315ae
243,Raúl Jiménez,mx MEX,FW,Wolves,32-005,1991,8.3,16,1.94,11,0,1,3,1,0,b561db50
244,Joelinton,br BRA,MFFW,Newcastle Utd,26-269,1996,27.6,76,2.76,51,1,9,8,7,0,c17bfb65
245,Ben Johnson,eng ENG,DF,West Ham,23-106,2000,8.6,8,0.93,7,0,1,0,0,0,9319781b
246,Brennan Johnson,wls WAL,FWMF,Nott'ham Forest,21-352,2001,31.4,55,1.75,36,0,6,7,5,1,0cd31129
247,Sam Johnstone,eng ENG,GK,Crystal Palace,30-046,1993,6.0,0,0.00,0,0,0,0,0,0,9e5708be
248,Curtis Jones,eng ENG,MF,Liverpool,22-100,2001,9.3,31,3.35,26,0,2,1,1,1,4fb9c88f
249,Jorginho,it ITA,MF,Arsenal,31-141,1991,6.8,14,2.05,13,0,0,0,0,1,45db685d
250,Jorginho,it ITA,MF,Chelsea,31-141,1991,14.2,29,2.04,29,0,0,0,0,0,45db685d
251,Mateo Joseph,eng ENG,FWMF,Leeds United,19-203,2003,0.3,0,0.00,0,0,0,0,0,0,6ad43f9a
252,Diogo Jota,pt POR,FW,Liverpool,26-157,1996,11.1,28,2.53,19,0,3,4,2,0,178ae8f8
253,Hamed Junior Traorè,ci CIV,FWMF,Bournemouth,23-083,2000,4.7,20,4.22,12,7,1,0,0,0,570bb4b9
254,James Justin,eng ENG,DF,Leicester City,25-076,1998,13.9,21,1.51,17,0,2,0,2,0,fb614c44
255,Mathias Jørgensen,dk DEN,DF,Brentford,33-017,1990,11.1,6,0.54,4,2,0,0,0,0,0db5d2c8
256,Sasa Kalajdzic,at AUT,FW,Wolves,25-307,1997,0.5,0,0.00,0,0,0,0,0,0,15f24fe7
257,Boubacar Kamara,fr FRA,MF,Aston Villa,23-168,1999,17.5,22,1.26,18,0,1,0,3,0,cc77354e
258,Harry Kane,eng ENG,FW,Tottenham,29-286,1993,34.8,125,3.59,85,2,12,12,11,3,21a66f6a
259,N'Golo Kanté,fr FRA,MF,Chelsea,32-042,1991,5.8,24,4.17,22,0,1,1,0,0,b9fbae28
260,Michael Keane,eng ENG,DF,Everton,30-119,1993,10.3,7,0.68,6,0,0,1,0,0,c5b7c315
261,Neeskens Kebano,cd COD,FW,Fulham,31-061,1992,8.3,23,2.76,16,2,0,2,3,0,18b999f4
262,Thilo Kehrer,de GER,DF,West Ham,26-231,1996,23.3,23,0.99,16,4,0,3,0,0,51dbeea9
263,Naby Keïta,gn GUI,MF,Liverpool,28-089,1995,3.3,12,3.67,10,0,0,2,0,0,f25c8e3a
264,Lloyd Kelly,eng ENG,DF,Bournemouth,24-216,1998,19.7,14,0.71,11,1,0,1,1,0,f31def1e
265,Max Kilman,eng ENG,DF,Wolves,25-352,1997,35.0,21,0.60,19,0,0,1,1,0,d0f72bf1
266,Jakub Kiwior,pl POL,DF,Arsenal,23-084,2000,2.2,0,0.00,0,0,0,0,0,0,dc3e663e
267,Mateusz Klich,pl POL,MFFW,Leeds United,32-331,1990,3.1,7,2.26,7,0,0,0,0,0,282679b4
268,Robin Koch,de GER,DF,Leeds United,26-297,1996,32.3,11,0.34,7,2,0,2,0,0,ea6bc03a
269,Ibrahima Konaté,fr FRA,DF,Liverpool,23-350,1999,15.2,15,0.98,10,0,1,2,1,1,5ed9b537
270,Ezri Konsa,eng ENG,DF,Aston Villa,25-199,1997,33.9,14,0.41,13,0,0,1,0,0,0313a347
271,Kalidou Koulibaly,sn SEN,DF,Chelsea,31-324,1991,19.9,21,1.06,17,0,0,2,0,2,da974c7b
272,Cheikhou Kouyaté,sn SEN,MF,Nott'ham Forest,33-140,1989,9.3,8,0.86,8,0,0,0,0,0,8d3c902d
273,Mateo Kovačić,hr CRO,MF,Chelsea,29-004,1994,18.2,61,3.34,52,1,2,4,0,2,79c0821a
274,Emil Krafth,se SWE,DF,Newcastle Utd,28-281,1994,0.0,0,0.00,0,0,0,0,0,0,77cf6852
275,Dejan Kulusevski,se SWE,MFFW,Tottenham,23-015,2000,21.1,86,4.08,65,2,13,5,0,1,df3cda47
276,Layvin Kurzawa,fr FRA,DF,Fulham,30-248,1992,1.5,0,0.00,0,0,0,0,0,0,41e7ef1c
277,Adam Lallana,eng ENG,MFFW,Brighton,35-000,1988,8.0,22,2.75,22,0,0,0,0,0,99813635
278,Tariq Lamptey,gh GHA,DF,Brighton,22-222,2000,5.0,14,2.78,12,0,1,0,1,0,f4e433d4
279,Manuel Lanzini,ar ARG,MFFW,West Ham,30-084,1993,1.7,2,1.21,1,0,0,1,0,0,26f6dca8
280,Aymeric Laporte,es ESP,DF,Manchester City,28-348,1994,8.2,16,1.96,15,0,0,1,0,0,119b9a8e
281,Juan Larios,es ESP,DF,Southampton,19-118,2004,1.7,1,0.59,1,0,0,0,0,0,cf7fb13a
282,Jamaal Lascelles,eng ENG,DF,Newcastle Utd,29-180,1993,2.4,1,0.41,0,0,0,1,0,0,450ab6fc
283,Roméo Lavia,be BEL,MF,Southampton,19-124,2004,22.1,38,1.72,29,2,3,1,3,0,ecad9aa5
284,Dexter Lembikisa,jm JAM,DF,Wolves,19-187,2003,0.3,1,3.91,1,0,0,0,0,0,0bdda685
285,Mario Lemina,ga GAB,MF,Wolves,29-251,1993,12.4,7,0.56,5,0,0,0,0,2,2b471f99
286,Clément Lenglet,fr FRA,DF,Tottenham,27-327,1995,19.4,21,1.08,18,1,0,0,1,1,4f28a6ff
287,Bernd Leno,de GER,GK,Fulham,31-067,1992,33.0,2,0.06,2,0,0,0,0,0,2628fd2b
288,Jefferson Lerma,co COL,MF,Bournemouth,28-197,1994,33.1,45,1.36,40,2,0,2,1,0,9b5ce51a
289,Jamal Lewis,nir NIR,DF,Newcastle Utd,25-105,1998,0.1,0,0.00,0,0,0,0,0,0,efb9215a
290,Rico Lewis,eng ENG,DFMF,Manchester City,18-170,2004,7.0,20,2.84,17,1,0,1,1,0,b57e066e
291,Keane Lewis-Potter,eng ENG,FWMF,Brentford,22-077,2001,3.6,8,2.24,2,0,2,4,0,0,41f08ac8
292,Victor Lindelöf,se SWE,DF,Manchester Utd,28-297,1994,11.2,1,0.09,1,0,0,0,0,0,f5deef4c
293,Jesse Lingard,eng ENG,FWMF,Nott'ham Forest,30-146,1992,10.3,25,2.44,18,1,2,3,1,0,810e3c74
294,Diego Llorente,es ESP,DF,Leeds United,29-267,1993,7.2,6,0.83,5,0,0,1,0,0,bba30585
295,Hugo Lloris,fr FRA,GK,Tottenham,36-135,1986,24.5,5,0.20,5,0,0,0,0,0,8f62b6ee
296,Renan Lodi,br BRA,DF,Nott'ham Forest,25-032,1998,22.1,24,1.09,18,4,0,1,1,0,ed9f7cfe
297,Ruben Loftus-Cheek,eng ENG,MFDF,Chelsea,27-107,1996,14.9,29,1.94,24,0,3,1,1,0,e97fd090
298,Sean Longstaff,eng ENG,MF,Newcastle Utd,25-192,1997,27.0,59,2.19,43,1,2,7,6,0,a2b105e0
299,Jamal Lowe,jm JAM,MFFW,Bournemouth,28-293,1994,0.1,0,0.00,0,0,0,0,0,0,b2856bc0
300,Douglas Luiz,br BRA,MF,Aston Villa,25-001,1998,29.6,86,2.91,55,23,4,1,1,2,6f7d826d
301,Saša Lukić,rs SRB,MF,Fulham,26-270,1996,3.7,5,1.35,4,0,0,0,0,1,c6e8cf1f
302,Lyanco,br BRA,DF,Southampton,26-098,1997,10.1,9,0.89,6,1,1,1,0,0,b5bf1770
303,Alexis Mac Allister,ar ARG,MF,Brighton,24-137,1998,28.2,89,3.15,61,7,8,7,4,2,83d074ff
304,James Maddison,eng ENG,MFFW,Leicester City,26-168,1996,25.1,132,5.27,71,29,11,7,12,2,ee38d9c5
305,Noni Madueke,eng ENG,FW,Chelsea,21-061,2002,4.2,10,2.36,6,0,3,1,0,0,bf34eebd
306,Harry Maguire,eng ENG,DF,Manchester Utd,30-066,1993,7.4,5,0.67,5,0,0,0,0,0,d8931174
307,Riyad Mahrez,dz ALG,FWMF,Manchester City,32-078,1991,17.5,98,5.59,61,14,6,10,5,2,892d5bb1
308,Kobbie Mainoo,eng ENG,MF,Manchester Utd,18-021,2005,0.1,2,16.36,2,0,0,0,0,0,c6220452
309,Ainsley Maitland-Niles,eng ENG,DFMF,Southampton,25-254,1997,14.7,24,1.63,22,0,1,0,1,0,e3a5814e
310,Tyrell Malacia,nl NED,DF,Manchester Utd,23-266,1999,14.0,14,1.00,14,0,0,0,0,0,6b6c793c
311,Orel Mangala,be BEL,MF,Nott'ham Forest,25-053,1998,14.4,11,0.76,10,0,0,0,1,0,a572e291
312,Javier Manquillo,es ESP,DF,Newcastle Utd,29-005,1994,0.4,1,2.50,0,0,0,0,0,1,758dd7f0
313,Sekou Mara,fr FRA,FWMF,Southampton,20-284,2002,5.8,12,2.06,8,0,3,0,0,1,3544641e
314,Solly March,eng ENG,FWDF,Brighton,28-294,1994,30.2,140,4.64,91,15,19,9,4,2,bb5fbd2b
315,Emiliano Marcondes,dk DEN,MF,Bournemouth,28-062,1995,0.1,0,0.00,0,0,0,0,0,0,4d960fc3
316,Marquinhos,br BRA,MF,Arsenal,20-033,2003,0.0,0,0.00,0,0,0,0,0,0,59878425
317,Anthony Martial,fr FRA,FW,Manchester Utd,27-156,1995,8.5,22,2.61,16,0,1,3,1,1,8b788c01
318,Martinelli,br BRA,FW,Arsenal,21-326,2001,30.8,127,4.12,89,8,12,12,4,2,48a5a5d6
319,Emiliano Martínez,ar ARG,GK,Aston Villa,30-250,1992,31.9,5,0.16,3,2,0,0,0,0,7956236f
320,Lisandro Martínez,ar ARG,DF,Manchester Utd,25-112,1998,23.5,18,0.77,16,0,0,1,0,1,bac46a10
321,Pape Matar Sarr,sn SEN,MF,Tottenham,20-238,2002,2.2,2,0.93,2,0,0,0,0,0,feb5d972
322,Jean-Philippe Mateta,fr FRA,FW,Crystal Palace,25-316,1997,8.2,7,0.86,3,0,0,2,2,0,50e6dc35
323,Joël Matip,cm CMR,DF,Liverpool,31-275,1991,11.1,15,1.35,13,0,0,2,0,0,b217ef29
324,Neal Maupay,fr FRA,FW,Everton,26-269,1996,11.8,18,1.52,12,0,1,2,3,0,4bcf39f6
325,Kevin Mbabu,ch SUI,DFFW,Fulham,28-021,1995,1.6,3,1.87,2,0,1,0,0,0,493924a7
326,Bryan Mbeumo,cm CMR,FW,Brentford,23-276,1999,29.3,87,2.97,57,24,5,0,1,0,6afaebf2
327,James McArthur,sct SCO,MF,Crystal Palace,35-215,1987,0.2,0,0.00,0,0,0,0,0,0,cee31595
328,Alex McCarthy,eng ENG,GK,Southampton,33-158,1989,3.0,0,0.00,0,0,0,0,0,0,36c2ca73
329,John McGinn,sct SCO,MFFW,Aston Villa,28-204,1994,26.9,75,2.79,53,10,3,3,5,1,90f91999
330,Scott McKenna,sct SCO,DF,Nott'ham Forest,26-179,1996,17.5,10,0.57,10,0,0,0,0,0,4e5a4cbc
331,Weston McKennie,us USA,MF,Leeds United,24-255,1998,13.4,23,1.72,22,0,0,1,0,0,01c3aff5
332,Dwight McNeil,eng ENG,FWMF,Everton,23-169,1999,24.8,94,3.80,48,28,9,5,2,2,fc15fb84
333,Scott McTominay,sct SCO,MF,Manchester Utd,26-153,1996,12.5,22,1.76,17,0,1,2,2,0,d93c2511
334,Ben Mee,eng ENG,DF,Brentford,33-231,1989,33.3,26,0.78,20,0,1,4,1,0,8df7a2fb
335,Edouard Mendy,sn SEN,GK,Chelsea,31-070,1992,8.5,0,0.00,0,0,0,0,0,0,33887998
336,Nampalys Mendy,sn SEN,MF,Leicester City,30-321,1992,8.2,9,1.11,5,0,1,0,1,2,1598599e
337,Chris Mepham,wls WAL,DF,Bournemouth,25-186,1997,23.4,8,0.34,6,0,0,2,0,0,fed96827
338,Illan Meslier,fr FRA,GK,Leeds United,23-069,2000,34.0,4,0.12,2,2,0,0,0,0,6b625ac2
339,Alexander Mighten,eng ENG,FW,Nott'ham Forest,21-029,2002,0.1,0,0.00,0,0,0,0,0,0,10ec4169
340,Luka Milivojević,rs SRB,MF,Crystal Palace,32-033,1991,5.7,3,0.53,1,1,0,1,0,0,2ce2508a
341,James Milner,eng ENG,MFDF,Liverpool,37-126,1986,8.7,32,3.67,23,4,3,2,0,0,2f90f6b8
342,Yerry Mina,co COL,DF,Everton,28-229,1994,3.6,1,0.28,1,0,0,0,0,0,6d5701f2
343,Tyrone Mings,eng ENG,DF,Aston Villa,30-058,1993,32.0,21,0.66,17,0,0,2,2,0,8397a50c
344,Tyrick Mitchell,eng ENG,DF,Crystal Palace,23-251,1999,29.1,31,1.06,26,1,2,0,0,2,5cbd1eb0
345,Kaoru Mitoma,jp JPN,FW,Brighton,25-355,1997,21.5,94,4.37,67,1,16,5,3,2,74618572
346,Aleksandar Mitrović,rs SRB,FW,Fulham,28-236,1994,20.1,53,2.63,24,0,9,13,6,1,3925dbd6
347,Kieffer Moore,wls WAL,FW,Bournemouth,30-275,1992,13.2,17,1.29,13,0,1,0,3,0,01ce9e70
348,Andrew Moran,ie IRL,FW,Brighton,19-207,2003,0.1,0,0.00,0,0,0,0,0,0,c4720845
349,Álex Moreno,es ESP,DF,Aston Villa,29-336,1993,13.6,33,2.42,30,0,2,1,0,0,16e9d0ea
350,Mason Mount,eng ENG,MFFW,Chelsea,24-120,1999,18.3,57,3.11,42,9,2,2,2,0,9674002f
351,Lucas Moura,br BRA,MFDF,Tottenham,30-270,1992,1.4,7,4.96,5,0,0,0,1,1,2b622f01
352,João Moutinho,pt POR,MF,Wolves,36-244,1986,19.8,66,3.34,49,14,0,2,1,0,f5a00fa4
353,Divin Mubama,eng ENG,FW,West Ham,18-197,2004,0.0,0,0.00,0,0,0,0,0,0,92868cb5
354,Mykhailo Mudryk,ua UKR,FW,Chelsea,22-125,2001,6.4,19,2.99,12,2,1,1,3,0,049a888d
355,Jacob Murphy,eng ENG,FW,Newcastle Utd,28-075,1995,13.5,49,3.63,37,0,4,2,5,1,de112b84
356,Enock Mwepu,zm ZAM,FWMF,Brighton,25-129,1998,2.4,7,2.96,6,0,1,0,0,0,1d5cab82
357,Vitaliy Mykolenko,ua UKR,DF,Everton,23-346,1999,29.5,46,1.56,41,1,0,2,2,0,30d4a2e5
358,Keylor Navas,cr CRC,GK,Nott'ham Forest,36-146,1986,15.0,3,0.20,2,1,0,0,0,0,ecada4fc
359,Wilfred Ndidi,ng NGA,MFDF,Leicester City,26-145,1996,17.0,12,0.71,12,0,0,0,0,0,6b47c5db
360,Reiss Nelson,eng ENG,FW,Arsenal,23-151,1999,1.7,16,9.60,11,0,2,2,1,0,c5bdb6e3
361,Neto,br BRA,GK,Bournemouth,33-295,1989,24.5,1,0.04,1,0,0,0,0,0,a9dc785c
362,Pedro Neto,pt POR,FWMF,Wolves,23-062,2000,10.2,40,3.91,23,5,2,4,5,1,7ba2eaa9
363,Rúben Neves,pt POR,MF,Wolves,26-058,1997,31.1,72,2.32,51,8,3,4,2,4,44bfb6c5
364,Moussa Niakhate,sn SEN,DF,Nott'ham Forest,27-063,1996,9.9,8,0.81,4,4,0,0,0,0,00242715
365,Rasmus Nissen,dk DEN,DF,Leeds United,25-303,1997,18.8,24,1.28,20,1,2,1,0,0,39769cff
366,Eddie Nketiah,eng ENG,FW,Arsenal,23-345,1999,11.5,28,2.43,13,0,6,6,3,0,a53649b7
367,Matheus Nunes,pt POR,MF,Wolves,24-256,1998,25.7,57,2.22,47,2,4,2,2,0,e6af02e0
368,Darwin Núñez,uy URU,FW,Liverpool,23-320,1999,18.8,54,2.87,35,1,4,7,7,0,4d77b365
369,Ethan Nwaneri,eng ENG,FW,Arsenal,16-050,2007,0.0,0,0.00,0,0,0,0,0,0,7f94982c
370,Christian Nørgaard,dk DEN,MF,Brentford,29-061,1994,19.6,32,1.63,24,1,1,4,2,0,df0a4c90
371,Lewis O'Brien,eng ENG,MF,Nott'ham Forest,24-208,1998,6.5,21,3.24,14,0,1,1,3,2,089667a5
372,Odeluga Offiah,eng ENG,DF,Brighton,20-196,2002,0.0,1,30.00,1,0,0,0,0,0,65c3efa2
373,Angelo Ogbonna,it ITA,DF,West Ham,34-352,1988,11.7,5,0.43,4,0,0,0,0,1,74b2cd7e
374,Michael Olise,fr FRA,FWMF,Crystal Palace,21-149,2001,27.6,123,4.46,64,31,13,4,8,3,c4486bac
375,Robin Olsen,se SWE,GK,Aston Villa,33-122,1990,3.1,0,0.00,0,0,0,0,0,0,e7ee38c3
376,Amadou Onana,be BEL,MF,Everton,21-267,2001,25.4,40,1.58,30,0,1,2,5,2,828657ff
377,Josh Onomah,eng ENG,MF,Fulham,26-013,1997,0.2,0,0.00,0,0,0,0,0,0,6612cd8c
378,Paul Onuachu,ng NGA,FW,Southampton,28-347,1994,3.8,7,1.82,5,0,0,1,1,0,c06d1086
379,Frank Onyeka,ng NGA,MF,Brentford,25-129,1998,7.8,19,2.44,12,0,0,1,6,0,2944f86f
380,Mislav Oršić,hr CRO,MF,Southampton,30-132,1992,0.1,0,0.00,0,0,0,0,0,0,ee950928
381,Stefan Ortega,de GER,GK,Manchester City,30-185,1992,1.0,0,0.00,0,0,0,0,0,0,c1242d4e
382,Dango Ouattara,bf BFA,MFFW,Bournemouth,21-088,2002,11.7,41,3.50,25,1,8,3,3,1,2f9e4435
383,Alex Oxlade-Chamberlain,eng ENG,FWMF,Liverpool,29-268,1993,3.7,9,2.43,8,0,0,1,0,0,38c7feef
384,David Ozoh,,FW,Crystal Palace,17-344,2005,0.0,0,0.00,0,0,0,0,0,0,d00d45ab
385,João Palhinha,pt POR,MF,Fulham,27-305,1995,31.7,29,0.92,20,0,0,4,1,4,a78ff07f
386,Cole Palmer,eng ENG,FWMF,Manchester City,21-004,2002,1.7,5,3.00,4,0,1,0,0,0,dc7f8a28
387,Emerson Palmieri,it ITA,DFFW,West Ham,28-280,1994,12.4,24,1.93,18,2,1,1,1,1,e0bc6fdc
388,Lucas Paquetá,br BRA,MF,West Ham,25-256,1997,22.1,68,3.07,47,1,3,8,6,3,9b6f7fd5
389,Thomas Partey,gh GHA,MF,Arsenal,29-331,1993,25.2,67,2.65,58,2,1,2,1,3,529f49ab
390,Nathan Patterson,sct SCO,DFMF,Everton,21-206,2001,12.9,20,1.55,16,1,0,0,2,1,230f0471
391,Ben Pearson,eng ENG,MF,Bournemouth,28-126,1995,3.2,2,0.63,1,0,0,1,0,0,a6b461e7
392,Facundo Pellistri,uy URU,FWMF,Manchester Utd,21-141,2001,0.6,1,1.58,1,0,0,0,0,0,ac7e7b1c
393,Andreas Pereira,br BRA,MF,Fulham,27-129,1996,29.9,118,3.94,57,44,2,9,6,0,6639e500
394,Ricardo Pereira,pt POR,DFMF,Leicester City,29-216,1993,4.3,14,3.26,13,0,0,0,1,0,75a72a99
395,Ayoze Pérez,es ESP,MFFW,Leicester City,29-285,1993,4.2,14,3.29,11,2,0,0,1,0,819aa8e7
396,Ivan Perišić,hr CRO,DFMF,Tottenham,34-097,1989,23.3,72,3.08,52,16,1,2,1,0,6fe90922
397,Romain Perraud,fr FRA,DF,Southampton,25-230,1997,20.4,38,1.86,23,1,4,8,1,1,6dfd8f05
398,Máximo Perrone,ar ARG,MF,Manchester City,20-123,2003,0.2,1,4.74,1,0,0,0,0,0,53552942
399,Kalvin Phillips,eng ENG,MF,Manchester City,27-159,1995,1.2,2,1.64,1,0,0,1,0,0,4f565d77
400,Nathaniel Phillips,eng ENG,DF,Liverpool,26-050,1997,0.7,1,1.36,1,0,0,0,0,0,515ebe8d
401,Jordan Pickford,eng ENG,GK,Everton,29-064,1994,34.0,10,0.29,4,6,0,0,0,0,4806ec67
402,Ethan Pinnock,jm JAM,DF,Brentford,29-346,1993,27.0,22,0.81,15,3,0,3,1,0,e541326e
403,Daniel Podence,pt POR,FWMF,Wolves,27-201,1995,18.6,67,3.61,44,9,3,8,2,1,7fcc71d8
404,Nick Pope,eng ENG,GK,Newcastle Utd,31-021,1992,33.2,5,0.15,4,1,0,0,0,0,4b40d9ca
405,Pedro Porro,es ESP,DFMF,Tottenham,23-239,1999,10.5,33,3.14,23,6,1,1,1,1,27d0a506
406,Dennis Praet,be BEL,MFFW,Leicester City,28-361,1994,7.2,14,1.94,11,2,0,1,0,0,86695068
407,Isaac Price,nir NIR,MF,Everton,19-226,2003,0.4,2,5.45,1,0,1,0,0,0,b9403c99
408,Christian Pulisic,us USA,FWDF,Chelsea,24-234,1998,8.7,22,2.53,20,0,0,2,0,0,1bf33a9a
409,Aaron Ramsdale,eng ENG,GK,Arsenal,24-361,1998,35.0,2,0.06,2,0,0,0,0,0,466fb2c5
410,Jacob Ramsey,eng ENG,MFFW,Aston Villa,21-347,2001,26.3,76,2.89,64,0,4,2,5,1,1544f145
411,Marcus Rashford,eng ENG,FW,Manchester Utd,25-191,1997,30.5,90,2.96,56,1,16,12,4,1,a1d5bd30
412,David Raya,es ESP,GK,Brentford,27-237,1995,35.0,12,0.34,9,3,0,0,0,0,98ea5115
413,Tim Ream,us USA,DF,Fulham,35-217,1987,32.2,24,0.75,23,0,0,0,0,1,28b40c9c
414,Nathan Redmond,eng ENG,DF,Southampton,29-065,1994,0.0,0,0.00,0,0,0,0,0,0,ab651565
415,Harrison Reed,eng ENG,MF,Fulham,28-103,1995,29.6,70,2.37,60,2,2,3,3,0,803ae100
416,Bobby Reid,jm JAM,FWDF,Fulham,30-097,1993,27.1,53,1.95,35,1,3,5,7,2,0f7533cd
417,Declan Rice,eng ENG,MF,West Ham,24-116,1999,34.0,96,2.82,82,7,1,1,2,3,1c7012b8
418,Chris Richards,us USA,DF,Crystal Palace,23-043,2000,5.0,2,0.40,1,0,0,1,0,0,0a3d6d2b
419,Richarlison,br BRA,MFFW,Tottenham,26-000,1997,10.2,31,3.04,20,0,1,2,8,0,fa031b34
420,Jaïro Riedewald,nl NED,DFFW,Crystal Palace,26-243,1996,0.5,0,0.00,0,0,0,0,0,0,7a1f2c08
421,Matt Ritchie,sct SCO,FWMF,Newcastle Utd,33-242,1989,0.4,1,2.31,1,0,0,0,0,0,71ef519e
422,Andrew Robertson,sct SCO,DF,Liverpool,29-060,1994,26.9,93,3.46,58,26,1,4,1,3,2e4f5f03
423,Antonee Robinson,us USA,DF,Fulham,25-275,1997,31.3,52,1.66,47,2,2,0,1,0,289601e6
424,Joel Robles,es ESP,GK,Leeds United,32-327,1990,1.0,0,0.00,0,0,0,0,0,0,cda0b317
425,Marc Roca,es ESP,MF,Leeds United,26-165,1996,25.6,51,1.99,33,10,2,3,2,1,da27e268
426,Marek Rodák,sk SVK,GK,Fulham,26-148,1996,2.0,0,0.00,0,0,0,0,0,0,17acc2ed
427,Rodri,es ESP,MF,Manchester City,26-322,1996,30.2,90,2.98,78,0,4,6,1,1,6434f10d
428,Rodrigo,es ESP,FWMF,Leeds United,32-065,1991,18.5,38,2.05,25,0,4,7,2,0,1fb1c435
429,Mads Roerslev,dk DEN,DF,Brentford,23-320,1999,12.2,12,0.98,12,0,0,0,0,0,57c94db2
430,Cristian Romero,ar ARG,DF,Tottenham,25-013,1998,25.3,24,0.95,22,0,0,0,1,1,a3d94a58
431,Oriol Romeu,es ESP,MF,Southampton,31-228,1991,0.8,3,3.65,2,0,0,0,1,0,4b511457
432,Cristiano Ronaldo,pt POR,FW,Manchester Utd,38-094,1985,5.8,10,1.71,9,0,0,0,1,0,dea698d9
433,Connor Ronan,ie IRL,MF,Wolves,25-065,1998,0.0,1,90.00,1,0,0,0,0,0,1b804500
434,Salomón Rondón,ve VEN,FW,Everton,33-236,1989,1.2,4,3.30,4,0,0,0,0,0,b318a643
435,Joe Rothwell,eng ENG,MF,Bournemouth,28-119,1995,10.4,23,2.21,16,5,1,1,0,0,10a10454
436,Georginio Rutter,fr FRA,FWMF,Leeds United,21-020,2002,2.7,5,1.87,4,0,0,0,1,0,c64c01fc
437,José Sá,pt POR,GK,Wolves,30-113,1993,35.0,1,0.03,0,1,0,0,0,0,903b6e8b
438,Marcel Sabitzer,at AUT,MF,Manchester Utd,29-054,1994,7.0,20,2.87,16,1,0,1,2,0,e280527c
439,Allan Saint-Maximin,fr FRA,FW,Newcastle Utd,26-059,1997,11.2,54,4.81,39,0,9,3,3,0,2b16cb1a
440,Bukayo Saka,eng ENG,FW,Arsenal,21-247,2001,32.7,150,4.59,100,25,7,10,6,2,bc7dc64d
441,Mohamed Salah,eg EGY,FW,Liverpool,30-329,1992,33.6,128,3.81,98,1,9,12,6,2,e342ad68
442,William Saliba,fr FRA,DF,Arsenal,22-047,2001,26.8,14,0.52,11,2,1,0,0,0,972aeb2a
443,Mohammed Salisu,gh GHA,DF,Southampton,24-023,1999,21.9,25,1.14,16,5,1,3,0,0,0b33f6ad
444,Albert Sambi Lokonga,be BEL,MF,Arsenal,23-200,1999,2.2,4,1.82,3,0,0,0,1,0,1b4f1169
445,Albert Sambi Lokonga,be BEL,MF,Crystal Palace,23-200,1999,6.0,6,1.01,5,0,0,0,1,0,1b4f1169
446,Davinson Sánchez,co COL,DF,Tottenham,26-332,1996,7.5,4,0.53,4,0,0,0,0,0,da7b447d
447,Robert Sánchez,es ESP,GK,Brighton,25-173,1997,23.0,2,0.09,2,0,0,0,0,0,6a713852
448,Jadon Sancho,eng ENG,FWMF,Manchester Utd,23-046,2000,15.1,69,4.58,64,0,3,2,0,0,dbf053da
449,Morgan Sanson,fr FRA,MF,Aston Villa,28-265,1994,0.1,0,0.00,0,0,0,0,0,0,6e7f1353
450,Pablo Sarabia,es ESP,FWMF,Wolves,30-364,1992,7.7,29,3.75,19,5,0,5,0,0,9744ff80
451,Jeremy Sarmiento,ec ECU,MF,Brighton,20-328,2002,2.0,10,5.11,6,0,1,2,1,0,ac0d576d
452,Gianluca Scamacca,it ITA,FW,West Ham,24-129,1999,10.3,24,2.33,20,0,1,2,0,1,8790f988
453,Gustavo Scarpa,br BRA,MFFW,Nott'ham Forest,29-125,1994,2.0,10,4.97,3,1,1,1,3,1,2964fd20
454,Kevin Schade,de GER,FW,Brentford,21-164,2001,6.1,20,3.28,10,0,5,1,4,0,52afb588
455,Fabian Schär,ch SUI,DF,Newcastle Utd,31-141,1991,31.6,50,1.58,35,0,2,8,2,3,c8aa95da
456,Jeffrey Schlupp,gh GHA,MFFW,Crystal Palace,30-138,1992,28.1,44,1.56,34,0,3,5,1,1,3312f911
457,Nélson Semedo,pt POR,DF,Wolves,29-175,1993,26.2,33,1.26,27,0,0,4,2,0,d04b94db
458,Antoine Semenyo,gh GHA,FWMF,Bournemouth,23-123,2000,2.9,7,2.44,3,0,2,1,1,0,efd2ec23
459,Marcos Senesi,ar ARG,DF,Bournemouth,26-000,1997,25.7,15,0.58,13,1,0,1,0,0,35141f4c
460,Ryan Sessegnon,eng ENG,DF,Tottenham,22-357,2000,9.0,23,2.55,16,0,0,5,1,1,6aa3e78b
461,Luke Shaw,eng ENG,DF,Manchester Utd,27-302,1995,25.9,63,2.44,47,9,3,1,3,0,9c94165b
462,Jonjo Shelvey,eng ENG,MF,Newcastle Utd,31-072,1992,0.4,0,0.00,0,0,0,0,0,0,3727dd3c
463,Jonjo Shelvey,eng ENG,MF,Nott'ham Forest,31-072,1992,6.0,16,2.67,11,4,0,1,0,0,3727dd3c
464,Bernardo Silva,pt POR,MFFW,Manchester City,28-273,1994,23.4,71,3.03,61,1,4,1,3,1,3eb22ec9
465,Thiago Silva,br BRA,DF,Chelsea,38-230,1984,23.1,15,0.65,14,1,0,0,0,0,86e7deaf
466,Ellis Simms,eng ENG,FW,Everton,22-125,2001,2.5,6,2.41,4,0,1,1,0,0,26d3b5be
467,Luis Sinisterra,co COL,FW,Leeds United,23-327,1999,9.6,33,3.43,26,0,2,2,2,1,8e16dd48
468,Oliver Skipp,eng ENG,MF,Tottenham,22-236,2000,13.9,23,1.65,22,0,0,0,1,0,6250083a
469,Adam Smith,eng ENG,DF,Bournemouth,32-011,1991,30.7,24,0.78,20,1,0,2,0,1,20b104bc
470,Emile Smith Rowe,eng ENG,MFFW,Arsenal,22-286,2000,1.6,8,5.03,5,1,0,2,0,0,17695062
471,Cédric Soares,pt POR,DF,Arsenal,31-252,1991,0.3,1,3.10,1,0,0,0,0,0,839c14e1
472,Cédric Soares,pt POR,DF,Fulham,31-252,1991,2.2,4,1.82,3,0,1,0,0,0,839c14e1
473,Dominic Solanke,eng ENG,FW,Bournemouth,25-238,1997,28.8,58,2.02,34,1,11,10,2,0,e77dc3b2
474,Manor Solomon,il ISR,FW,Fulham,23-290,1999,5.8,10,1.72,10,0,0,0,0,0,886f9aac
475,Tomáš Souček,cz CZE,MF,West Ham,28-072,1995,29.6,51,1.72,40,0,0,8,1,2,6613c819
476,Boubakary Soumaré,fr FRA,MF,Leicester City,24-072,1999,15.1,21,1.39,20,0,1,0,0,0,ae59b359
477,Harry Souttar,au AUS,DF,Leicester City,24-200,1998,10.0,8,0.80,4,0,2,2,0,0,0a6cb1b1
478,Çağlar Söyüncü,tr TUR,DF,Leicester City,26-352,1996,5.9,2,0.34,2,0,0,0,0,0,21166ff4
479,Djed Spence,eng ENG,FWDF,Tottenham,22-274,2000,0.1,0,0.00,0,0,0,0,0,0,9bc9a519
480,Jack Stacey,eng ENG,DF,Bournemouth,27-034,1996,3.3,1,0.30,1,0,0,0,0,0,558807c0
481,Junior Stanislas,eng ENG,MF,Bournemouth,33-165,1989,0.7,4,5.90,4,0,0,0,0,0,6992791d
482,Jay Stansfield,eng ENG,FW,Fulham,20-167,2002,1.0,4,4.14,1,0,0,2,1,0,b2626673
483,Jason Steele,eng ENG,GK,Brighton,32-265,1990,10.0,3,0.30,3,0,0,0,0,0,28300a16
484,Jack Stephens,eng ENG,DF,Southampton,29-103,1994,0.5,0,0.00,0,0,0,0,0,0,6adbc307
485,Jack Stephens,eng ENG,DF,Bournemouth,29-103,1994,13.0,10,0.77,9,0,0,1,0,0,6adbc307
486,Raheem Sterling,eng ENG,FWMF,Chelsea,28-153,1994,18.3,57,3.12,49,0,3,2,3,0,b400bde0
487,John Stones,eng ENG,DFMF,Manchester City,28-347,1994,19.2,15,0.78,11,1,0,3,0,0,5eecec3d
488,Pascal Struijk,nl NED,DF,Leeds United,23-272,1999,22.9,32,1.40,24,4,0,3,0,1,f4d296e4
489,Kamaldeen Sulemana,gh GHA,FWMF,Southampton,21-084,2002,9.2,35,3.78,22,0,7,3,1,2,a62f8bf1
490,Crysencio Summerville,nl NED,FW,Leeds United,21-192,2001,15.5,46,2.96,29,1,2,3,9,2,df04eb4b
491,Sam Surridge,eng ENG,FW,Nott'ham Forest,24-286,1998,3.6,4,1.12,3,0,0,1,0,0,b017b770
492,Japhet Tanganga,eng ENG,DF,Tottenham,24-040,1999,1.6,0,0.00,0,0,0,0,0,0,e9971f2d
493,Matt Targett,eng ENG,DF,Newcastle Utd,27-234,1995,5.9,17,2.86,12,5,0,0,0,0,e514ab62
494,James Tarkowski,eng ENG,DF,Everton,30-172,1992,35.0,21,0.60,17,0,0,3,0,1,15ea812b
495,Marcus Tavernier,eng ENG,MFFW,Bournemouth,24-049,1999,19.4,48,2.48,31,7,5,3,2,0,5c0da4a4
496,Tetê,br BRA,FW,Leicester City,23-084,2000,7.8,27,3.45,14,3,7,2,1,0,7120a04d
497,Kenny Tete,nl NED,DF,Fulham,27-213,1995,25.5,45,1.76,37,5,0,0,2,1,77d7c96f
498,Luke Thomas,eng ENG,DF,Leicester City,21-334,2001,9.7,16,1.66,11,2,0,1,0,2,fc027d02
499,Youri Tielemans,be BEL,MF,Leicester City,26-003,1997,23.0,72,3.12,59,3,1,7,1,1,56f7a928
500,Kieran Tierney,sct SCO,DF,Arsenal,25-339,1997,7.4,12,1.62,10,0,1,1,0,0,fce2302c
501,Harry Toffolo,eng ENG,DF,Nott'ham Forest,27-264,1995,9.9,19,1.91,14,3,1,0,0,1,a105d46a
502,Takehiro Tomiyasu,jp JPN,DF,Arsenal,24-186,1998,7.4,10,1.36,8,2,0,0,0,0,b3af9be1
503,James Tomkins,eng ENG,DF,Crystal Palace,34-042,1989,3.8,0,0.00,0,0,0,0,0,0,e7ca0439
504,Ivan Toney,eng ENG,FW,Brentford,27-055,1996,32.8,66,2.01,39,4,4,5,14,0,e09f279b
505,Adama Traoré,es ESP,FWMF,Wolves,27-105,1996,14.5,39,2.70,33,0,2,1,3,0,9a28eba4
506,Bertrand Traoré,bf BFA,FWMF,Aston Villa,27-246,1995,2.6,4,1.55,3,0,0,0,1,0,c47541e0
507,Boubacar Traoré,ml MLI,MF,Wolves,21-263,2001,4.3,6,1.41,6,0,0,0,0,0,999ceb5f
508,Mark Travers,ie IRL,GK,Bournemouth,23-357,1999,10.5,0,0.00,0,0,0,0,0,0,fe558029
509,Kieran Trippier,eng ENG,DF,Newcastle Utd,32-233,1990,33.1,164,4.95,73,86,1,1,2,1,21512407
510,Leandro Trossard,be BEL,FW,Arsenal,28-157,1994,7.9,26,3.29,17,6,1,1,1,0,38ceb24a
511,Leandro Trossard,be BEL,FWMF,Brighton,28-157,1994,14.6,51,3.49,39,0,7,4,1,0,38ceb24a
512,Kostas Tsimikas,gr GRE,DF,Liverpool,26-363,1996,7.7,25,3.22,11,12,0,2,0,0,f315ca93
513,Deniz Undav,de GER,FWMF,Brighton,26-295,1996,4.6,16,3.48,10,0,0,5,0,1,dd549382
514,Yan Valery,tn TUN,DF,Southampton,24-077,1999,0.5,0,0.00,0,0,0,0,0,0,531a4aa8
515,Virgil van Dijk,nl NED,DF,Liverpool,31-306,1991,29.5,21,0.71,16,0,0,4,0,1,e06683ca
516,Raphaël Varane,fr FRA,DF,Manchester Utd,30-015,1993,18.3,14,0.76,9,1,0,3,0,1,9f8e9423
517,Jamie Vardy,eng ENG,FW,Leicester City,36-119,1987,18.8,32,1.70,21,0,6,3,2,0,45963054
518,Joël Veltman,nl NED,DF,Brighton,31-115,1992,22.8,31,1.36,26,4,0,0,0,1,dad4b285
519,Fabio Vieira,pt POR,MF,Arsenal,22-345,2000,5.3,21,3.96,15,2,2,2,0,0,6412cc03
520,Matías Viña,uy URU,DF,Bournemouth,25-182,1997,3.8,7,1.86,6,0,1,0,0,0,08eb3b58
521,Rúben Vinagre,pt POR,DFMF,Everton,24-031,1999,0.3,0,0.00,0,0,0,0,0,0,b937e490
522,Carlos Vinícius,br BRA,FW,Fulham,28-046,1995,11.5,14,1.22,11,0,2,0,1,0,8b529245
523,Theo Walcott,eng ENG,FWMF,Southampton,34-055,1989,10.0,22,2.19,18,0,0,3,1,0,1ecb65be
524,Kyle Walker,eng ENG,DF,Manchester City,32-347,1990,17.8,21,1.18,18,2,0,0,0,1,86dd77d1
525,Kyle Walker-Peters,eng ENG,DF,Southampton,26-027,1997,26.4,47,1.78,32,4,6,2,3,0,984a5a64
526,Aaron Wan-Bissaka,eng ENG,DF,Manchester Utd,25-165,1997,12.9,27,2.09,26,0,0,1,0,0,9e525177
527,Danny Ward,wls WAL,GK,Leicester City,29-322,1993,26.0,2,0.08,2,0,0,0,0,0,d3ce0e89
528,Joel Ward,eng ENG,DF,Crystal Palace,33-193,1989,22.1,15,0.68,13,0,1,0,1,0,8a7ff278
529,James Ward-Prowse,eng ENG,MF,Southampton,28-190,1994,34.5,120,3.48,59,56,1,3,1,0,3515d404
530,Ollie Watkins,eng ENG,FW,Aston Villa,27-131,1995,31.8,68,2.14,46,0,5,11,6,0,aed3a70f
531,Adam Webster,eng ENG,DF,Brighton,28-126,1995,21.3,19,0.89,18,1,0,0,0,0,c40b6180
532,Wout Weghorst,nl NED,FWMF,Manchester Utd,30-276,1992,8.1,23,2.85,18,0,1,2,1,1,c4e87b8b
533,Danny Welbeck,eng ENG,FW,Brighton,32-165,1990,18.5,49,2.64,35,0,4,5,4,1,ce5143da
534,Ben White,eng ENG,DF,Arsenal,25-214,1997,30.9,61,1.97,53,7,0,0,1,0,35e413f1
535,Harvey White,eng ENG,MF,Tottenham,21-233,2001,0.1,0,0.00,0,0,0,0,0,0,4d90ce8c
536,Joseph Whitworth,eng ENG,GK,Crystal Palace,19-070,2004,2.0,0,0.00,0,0,0,0,0,0,3f847d95
537,Neco Williams,wls WAL,DF,Nott'ham Forest,22-027,2001,20.9,39,1.86,23,4,4,2,3,3,dd323728
538,Willian,br BRA,FW,Fulham,34-274,1988,20.8,91,4.38,64,10,5,7,4,1,8b9ebd03
539,Joe Willock,eng ENG,MF,Newcastle Utd,23-263,1999,26.8,78,2.91,61,0,7,7,2,1,a3b03921
540,Callum Wilson,eng ENG,FW,Newcastle Utd,31-072,1992,18.1,32,1.77,19,0,5,4,4,0,c596fcb0
541,Harry Wilson,wls WAL,FW,Fulham,26-049,1997,9.8,24,2.46,12,2,1,3,6,0,c6dc9ecd
542,Yoane Wissa,cd COD,FW,Brentford,26-249,1996,15.0,29,1.93,23,0,1,1,3,1,2500cef9
543,Maximilian Wöber,at AUT,DF,Leeds United,25-095,1998,11.4,10,0.88,6,2,0,2,0,0,4b803b3c
544,Chris Wood,nz NZL,FW,Newcastle Utd,31-154,1991,5.0,5,1.01,4,0,0,1,0,0,4e9a0555
545,Chris Wood,nz NZL,FW,Nott'ham Forest,31-154,1991,4.1,6,1.45,4,0,0,1,1,0,4e9a0555
546,Joe Worrall,eng ENG,DF,Nott'ham Forest,26-120,1997,21.7,14,0.64,12,1,0,0,1,0,a5212312
547,Granit Xhaka,ch SUI,MF,Arsenal,30-225,1992,31.1,107,3.44,91,3,5,4,3,1,e61b8aee
548,Ryan Yates,eng ENG,MF,Nott'ham Forest,25-170,1997,17.5,22,1.26,16,0,0,4,2,0,c1fe2a48
549,Ashley Young,eng ENG,DF,Aston Villa,37-305,1985,21.2,40,1.89,34,3,2,1,0,0,be927d03
550,Illia Zabarnyi,ua UKR,DF,Bournemouth,20-251,2002,0.3,0,0.00,0,0,0,0,0,0,88968486
551,Wilfried Zaha,ci CIV,FWMF,Crystal Palace,30-181,1992,24.9,86,3.46,53,0,11,4,17,1,b2bc3b1f
552,Denis Zakaria,ch SUI,MF,Chelsea,26-171,1996,4.6,2,0.44,1,0,0,0,0,1,384d58d9
553,Jordan Zemura,zw ZIM,DF,Bournemouth,23-177,1999,16.2,35,2.17,25,0,6,2,2,0,e8271ad9
554,Oleksandr Zinchenko,ua UKR,DF,Arsenal,26-146,1996,23.5,56,2.38,49,1,0,4,1,1,51cf8561
555,Hakim Ziyech,ma MAR,FWMF,Chelsea,30-052,1993,7.0,28,3.97,21,4,1,0,1,1,6622454d
556,Kurt Zouma,fr FRA,DF,West Ham,28-195,1994,21.6,9,0.42,7,1,0,1,0,0,ce4246f5
557,Martin Ødegaard,no NOR,MF,Arsenal,24-144,1998,32.1,152,4.74,113,15,3,12,6,3,79300479